CODIGO;DESCRICAO;TIPO;
1;VENCIMENTO BASICO;C;
3;SALARIO - CLT;N;
4;VENCIMENTO DAS/NES;F;
5;PROVENTO BASICO;C;
6;PART.CONST.ADM-FISC. CLT;N;
9;VANT.PESSOAL NOM IDENTIFIC-CLT;C;
11;SUSPENSAO CONV.MULTA L.8112/90;N;
12;ADIC TEMPO SERVICO RM JURIDICO;C;
13;ADIC.TEMPO SERVICO LEI 8112/90;C;
15;REPRESENTACAO MENSAL;F;
16;HORAS SUPLEMENTARES - CLT;C;
18;ADIC.TEMPO SERV.L.8112/90-APOS;C;
19;GRAT.DE NIV.SUP.APOS/AGREGADO;N;
21;ADICIONAL DE TURNO CLT;N;
22;GRATIFICACAO DE INTERIORIZACAO;N;
24;SUBSTITUICAO/INTERINO;F;
25;OPCAO DAS - PESSOAL PERMANENTE;F;
27;GRAT.DED.EXCLUSIVA-SUB JUDICE;N;
28;ADICIONAL NOTURNO;C;
29;ADIC TEMPO SERVICO RM JURIDICO;C;
30;COMPLEMENTO SALARIO MINIMO;C;
31;COMPLEMENTO SAL.MINIMO - APOS.;C;
32;VANTAGEM ARTIGO 180 L 1711/52;F;
34;V.ART.184 INC II  L.1711;C;
36;GRAT.DE PRODUTIV.SUB-SUDICE;C;
37;VANT.PESS.ART.2 L.7.834/89 AT;C;
38;GRATIFICACAO RAIO X - APOS.;C;
39;VANT.ART.184 INC I LEI 1711/52;C;
40;GAE ART. 184 INC I L.1711/52;C;
41;A.T.S.ART 184 INC I L.1711/52;C;
48;RET.MED.RESIDENTE HOSP. UNIV.;N;
50;DIFERENCA INDIVIDUAL;C;
53;ADICIONAL DE INSALUBRIDADE;C;
56;AUXILIO FUNERAL-APOSENTADO;N;
57;BOLSA DE ESTUDO CLT/EMPREGADO;N;
58;PAGAMENTO EXERC. ANTERIOR(ES);N;
60;GRATIFICACAO POR ENCARGO DAI;F;
62;GRAT.P/PROD.SUPLEMENTAR(DIN);N;
63;PAG.EXERC.ANTERIORES - PSS;N;
64;GRATIFICACAO RAIO X - ATIVO;C;
65;GRAT.EXERC.DETER.ZONAS/LOCAIS;C;
66;GRAT.P/ENCARGO CURSO/CONCURSO;N;
67;ADICIONAL DE PERICULOSIDADE;C;
67;ADICIONAL DE PERICULOSIDADE;C;
70;GRAT.P/REPRESENTACAO GABINETE;F;
71;GRAT.PRODUTIVIDADE SUB-SUDICE;C;
72;FERIAS ANTECIPADAS-PES.TEMPOR.;N;
73;FERIAS ANTECIPADAS-PES.PERMAN.;N;
75;FERIAS INDENIZADAS/PROPORC.;N;
76;FERIAS INDENIZADAS VENCIDAS;N;
77;ABONO PECUNIARIO DE FERIAS CLT;N;
78;PARC INCORPORADA LEI 6732/79;F;
79;IND TRANSPORTE DEC 3184/99;N;
80;ADIC.P/SERV.EXTRAORDINARIO-EST;C;
84;FERIAS- EMPREGADOS ADICION CLT;N;
87;GRAT.ATIV.EXECUT - GAE/GOE;C;
88;SALARIO FAMILIA CLT;N;
89;SALARIO FAMILIA PENSIONISTA;N;
89;SALARIO FAMILIA PENSIONISTA;N;
90;SALARIO FAMILIA - APOSENTADO;N;
92;SALARIO FAMILIA;N;
93;13 INDENIZADO S/AVISO PREV CLT;N;
94;13. SALARIO/CLT;N;
95;ADIANT.13. SALARIO-CLT;N;
96;13. SALARIO PROPORCIONAL-CLT;N;
97;G.D.A.T.A. OU FISC.TRIB.FED.;N;
98;RESTITUICAO DE FERIAS;N;
99;CCC. CCCC CCCC;N;
101;INCENTIVO FUNCIONAL-SANITARIST;N;
107;GRAT. DE LOCALIDADE ESPECIAL;C;
111;DIARIAS MAIOR 50 %;N;
112;AJUDA DE CUSTO;N;
117;PARC INCORPORADA LEI 6732/79;F;
120;GRAT.ATIV.EXEC.GAE/GOE - APOS.;C;
121;AUXILIO NATALIDADE;N;
130;RENDIMENTO PASEP;N;
131;ABONO PASEP;N;
134;AVISO PREVIO INDENIZADO CLT EM;N;
136;AUXILIO ALIMENTACAO;N;
137;V.A.192 INC I L 8112 JURIDICO;C;
138;COMPLEMENTACAO SALARIAL CLT;N;
145;REP.ERARIO L8112/L10486/04;N;
146;ACERTO AUXILIO ALIMENT APOSENT;N;
147;V.A 184 INC I LEI 1711/52 AP;C;
153;DIF.INDIV.DEC.LEI 2.346/76 AP;C;
158;GRAT.PLANEJ.ORC.FINAN.CONTROLE;N;
159;GRAT.PLAN.ORC.FIN.CONTROLE  AP;C;
162;GRAT.DES.ATIV.RODO.AC.JUDICIAL;C;
163;GRAT.P/DES.AT.ROD./APOS.S.JUD.;C;
167;GRAT.ATIV.TEC.ADMIN.APOS/AGREG;C;
172;GRAT DES.ATIV.APOIO AGRE.-APOS;N;
173;OPCAO FUNCAO - APOSENTADO;F;
174;REPRESENTACAO MENSAL - APOSENT;F;
175;VANT.PES.ART 13 LEI 8216 APOS.;C;
176;GRATIFICACAO NATALINA;N;
177;ADIANT.GRATIF.NATALINA/ATIVO;N;
178;GRAT.NATALINA PROPORCIONAL;N;
181;GRATIFICACAO NATALINA - APOS;N;
182;ADIANT.GRATIF.NATALINA - APOS.;N;
183;GRAT.NATALINA PROPORCIONAL  AP;N;
184;GRAT.NATALINA-PENSIONISTA;N;
185;ADIANT.GRAT.NATALINA/PENSION.;N;
188;REPR.MENSAL DEC LEI 2333/87 AT;C;
189;REPR.MENSAL DEC LEI 2333/87 AP;C;
192;GRAT.EST.FISC.ARREC.TRIB.FED/A;N;
194;REEMBOLSO/CRECHE-D93408/86 CLT;N;
195;INDENIZ.HABIL.POLICIAL FED./AT;N;
196;INDENIZ.HABIL.POLICIAL FED./AP;C;
197;GRAT.EST.F.A.TRIB.FED.APOS-AGR;N;
199;GRAT.DEC.LEI 2365/87-APOS-AGRE;C;
211;GRAT.ESPECIALIZACAO-SUB-JUDICE;N;
213;AJUDA DE CUSTOS - CLT;N;
217;COMPL.SAL.DNOS/DNOCS(S.JUD)ATI;N;
219;PAGAMENTO EXERC. ANTERIORES AP;N;
220;ADICIONAL 1/3 DE FERIAS;V;
221;VENCIMENTO - ABONO LEI 7706;C;
222;VENC.AGREGADO ABONO L.7706 AP;C;
222;VENC.AGREGADO ABONO L.7706 AP;C;
224;ADIANT.PECUNIARIO/SIMPAS-ATIVO;N;
225;ADIANT.PECUNIARIO/SIMPAS-AGRE.;N;
240;RETRIB.ADIC.VARIAVEL-RAV/ATIVO;R;
241;RETRIB.ADIC.VARIAVEL-RAV-APOS.;R;
242;RETRIB.ADIC.VAR. - PENSIONISTA;N;
243;GRAT.LEI 8460/92 ART.7 - ATIVO;C;
244;GRAT.LEI 8460/92 ART.7 - APOS.;C;
245;PROLABORE DE EXITO - ATIVO;N;
246;PROLABORE DE EXITO - APOS.;R;
249;AD TEMPO SERVICO ART 192 I APO;C;
252;COMP. SAL. LEI 7995/90 - APOS.;C;
253;DIFERENCA INDIVIDUAL L.7923/89;C;
254;DIFERENCA INDIVIDUAL L.7923/89;C;
256;FUNCAO GRATIFICADA - FG - IFES;F;
257;PRODUCAO P/FERIAS (L.5462/68);N;
258;VANTAGEM L.5462/68 - APOSENT;N;
259;PRODUCAO P/ LICENCA(L.5462/68);N;
261;GRAT.H.EXTRA INCORP.SUB-JUDICE;N;
269;REM. FUNCAO DE CONFIANCA - CLT;N;
270;GRAT.EXTRAORDINARIA OUT.FONTE;C;
274;GRAT.REPRESENTACAO SEGURIDADE;N;
279;VANTAGEM PESSOAL  D. 90698/84;C;
287;DIFERENCA INDIVIDUAL - APOS.;C;
288;GFJ -ART.1 DA LEI 9.651/98;N;
290;DIARIAS NORMAIS - CLT;N;
291;DIARIAS EXTERIOR - CLT;N;
294;COMPLEMEN. HONOR.DIRIGENTE CLT;N;
295;DIARIAS ACRESCIDAS DE 80%;N;
296;DIARIAS ACRESCIDAS DE 70%;N;
297;DIARIAS EXCEDENTE A 50% EM CLT;N;
298;GFJ -ART.1 DA LEI 9.651/98;C;
299;GP - ART. 13 DA LEI 9.651/98;N;
301;GRAT.CARGO COMISSIONADO - CLT;N;
303;DIARIAS;N;
308;LICENCA PREMIO EM PECUNIA;N;
309;SENTENCA JUDICIAL/CLT EMPRESA;N;
311;HORAS IN INTINERE - CLT;N;
316;REPOUSO SEMANAL REMUNERADO-CLT;N;
318;GRAT.DIRECAO INTERMEDIARIA-DI;N;
322;QUANTITATIVO ALIMENTACAO-CLT;N;
330;V.P.TRANSITORIA ART.2 MP1573-7;N;
337;GAF- ART.3 -LEI 9.651/98;N;
356;DIF.PROV.ART.192 INC.II L.8112;C;
357;ART193 8112/90 FUNCAO INTEGRAL;N;
358;DIF.PROV.ART.192 INC.I L.8112;C;
359;GAE/GCT A.192 INC I L.8112/90;C;
360;ART193 8112/90 FG/REPRESENTACA;F;
403;DIARIAS MENOR QUE 20%;N;
404;DIARIAS MENOR QUE 50% OUT.FONT;N;
405;VENCIMENTO COMPLEMENTAR;N;
407;PENSAO MILITAR;N;
414;VANTAGEM PESSOAL ORIENT.NOR.43;C;
415;DIFERENCA IND. ART 8 L.7923/89;C;
416;DIFERENCA IND. ART 8 L.7923/89;F;
459;AUXILIO ALIMENTACAO-CLT;N;
460;14 SALARIO-CLT;N;
469;VANT.PES.NOM.IDENT.DL.2438/88;C;
482;GRAT SER EXTR CENSO TEMPORARIO;C;
496;VANT.PES.BIENIO-PAR.291/95 AT;N;
497;VANT.PES.BIENIOS-PAR.291/95 AP;N;
504;DIARIAS/PESSOAL MILITAR-PAIS;N;
507;ABATE TETO (CF ART 37) ATIVO;A;
508;VANTAGEM PESSOAL AGREGADO-APOS;N;
509;DEVOLUCAO 13.SALARIO S/PENSAO;N;
512;VANTAGEM PES.SENT.JUDIC./CLT23;N;
513;ABATE TETO (CF ART 37) - APOS.;A;
514;VANTAGEM PES.SENT.JUDIC.-APOS.;N;
515;GRATIFICACAO DESEMP. DE FUNCAO;F;
516;DIFERENCA;N;
517;DIFERENCA INDIVIDUAL L 7961/89;C;
518;DIFERENCA INDIVIDUAL L 7961/89;C;
519;GRATIFICACAO LEI 7995/90 ATIVO;N;
522;CARGO DE DIRECAO - CD;F;
523;GRAT.BIENAL JUDICIAL - ATIVO;C;
524;GRAT.BIENAL JUDICIAL - APOS.;C;
528;VANTAGEM PESSOAL D 90698/84 AP;C;
529;GRAT.H.EXTRA INCORP-SUB-JUDICE;C;
530;PENSAO TEMPORARIA;N;
530;PENSAO TEMPORARIA;N;
531;VENCIMENTO SEN.JUDICIAL ATIVO;N;
532;PROVENTOS SEN.JUDICIAL APOSENT;N;
537;VANTAGEM PESSOAL-CLT;C;
538;PROVENTOS COMPLEMENTAR - APOS.;C;
546;AUXILIO CRECHE;N;
547;RAV - ACERTO ATIVIDADE - APOS.;N;
549;DIF VENC. ART. 22 L 8216/91;C;
550;DIF PROV. ART22 L 8216/91-AP;N;
551;VANTAGEM PESSOAL ON 86;N;
554;AUXILIO FILHO EXCEPCIONAL-CLT;N;
556;ABATE TETO 13/GRAT NAT - ATIVO;N;
557;ABATE TETO 13/GRAT NAT - APOS.;N;
558;ABATE TETO 13/GRAT NAT - PENS.;N;
559;INDENIZACAO ART 16 LEI 8216/91;N;
560;FUNCAO GRATIFICADA-FG/APOSENT;F;
561;FGR-FUNC GRATIFICADA L 8216/91;F;
562;FERIAS INDENIZ.PARECER 280/91;N;
565;CORRECAO DEB TRABALHISTA-CLT;N;
571;GRAT.NATALINA EXERC.ANTERIOR;N;
572;GRAT.NATAL. EXERC.ANTER.-APOS.;N;
573;13 SALARIO EXERC.ANTERIOR;N;
574;GRAT.NATAL.EXERC.ANTER./PENS;N;
577;VANT.PESS.ART.12 P/4 L.8270/91;C;
580;PAG.EXERC.ANTERIOR(S)-PENSION.;N;
585;FGR-FUNC.GRAT. L.8216/91-APO;F;
586;DIF.FERIAS - ABONO PECUNIARIO;N;
587;ADIC.FERIAS IND.CF88 RCT-CLT;N;
591;GRAT.ATIV.EXECUT/GAE LD.13/92;C;
592;GRAT.ATIV.EXECUT/GAE/LD 13 APO;C;
593;GRAT.DESEMP.FUNCAO-GADF LD.13;F;
594;ABATE TETO LEI 8448/92;N;
595;ABATE TETO LEI 8448/92 - APOS.;N;
596;PENSAO CIVIL;D;
597;PENSAO COMPLEMENTAR - CIVIL;D;
598;PENSAO ESPECIAL;N;
599;ADIANT.GRAT.NAT.BENEF.PENSAO;N;
600;GRAT.NATALINA BENEF.PENSAO;N;
602;VANTAGEM INDIV.ART 9 L.8460/92;C;
604;VANTAGEM INDIV.ART 9 L 8460/92;C;
608;GRAT.PRODUTIV. PR.308/91 AT;N;
610;VENCIMENTO DAS - EST 04;F;
611;REPRESENTACAO MENSAL - EST04;C;
612;CARGO DE DIRECAO - EST04;F;
613;GRAT.DES.FUNC-GADF/EST04/LD.13;F;
614;ADIANT GRAT NATAL ACERTO AP;N;
615;ADIANT GRAT NATAL ACERTO ATIVO;N;
616;REEMB.ASSIS.MED-HOSPITALAR-CLT;N;
620;OPCAO - GADF/ATIVO-LD.13/92;F;
621;OPCAO  GADF - L.D. 13/92 AP;F;
622;GRAT.DES.FUNC GADF/LD 13/92 AP;F;
623;DIF. GRATIF. NATAL - RAV ATIVO;N;
624;DIF. GRATIF. NATAL - RAV-APOS.;N;
631;DIF.GRAT.ATIV.EXECUT-GAE/LD.13;C;
636;INDENIZ.HORAS EXTRAS HABIT-CLT;N;
640;A.D.INC. NR 790-4/600(DIF.PSS);N;
646;GRAT.TEMP L 9028/95 E 9651/98;N;
649;SAL.FAM.PENS.ALIMENT.ACER. JUL;N;
656;IPMF-ART 19-LC 77/93 ATIVOS;N;
657;ADIC.ART.21 L.8691/93-APERF-AT;C;
658;ADIC.ART.21 L.8691/93-APE-APOS;N;
659;RESSARC. ASSISTENCIA A SAUDE;N;
665;ABATE TETO LEI 8852/94 ATIVOS;A;
666;ABATE TETO LEI 8852/94 APOS;N;
667;ADIC.DE IRRADIACAO IONIZANTE;N;
668;AUXILIO PRE-ESCOLAR;N;
669;RAV - ATIVO/INSTITUIDOR PENSAO;N;
670;IPMF-ART 19-LC 77/93 APOS.;N;
671;IPMF-ART 19-LC 77/93 PENSIONIS;N;
675;ABONO 5% MP.433/94 - ATIVO;N;
676;ABONO SALARIAL-CLT;N;
677;ABONO DEC. LEI 2352-CLT;N;
678;VANTAGEM PES.ART 5 L 8852/94 A;N;
679;VANTAGEM PES. ART.5 L 8852/94;C;
680;DIFERENCA  DE  URV;N;
681;DIFERENCA DE URV;N;
682;DIFERENCA DE URV;N;
686;GRAT.REPRESENT.GABINETE - APOS;C;
700;ASSISTENCIA PRE-ESCOLAR;N;
701;RESS/PENAL.DISCIPL.127/L.8112;N;
702;ART 3 LEI 8911/94 - ATIVO;F;
703;ART 3 LEI 8911/94 - APOS;C;
705;GRAT.ATIVIDADE EXECUTIVA - AT;C;
706;GRAT.ATIVIDADE EXECUTIVA - AP;C;
707;GDP- ART.17/LEI 9625/98;N;
708;GDP -ART.17-LEI 9625/98;C;
709;ABONO ART.1 MP 809/94_- ATIVO;N;
711;ABONO ART. MP 809/94 APOS;N;
712;ADIC.GESTAO EDUCACIONAL - AGE;N;
713;GT/CAR.POL.FED ART1 MP808/94AT;C;
714;GT/CAR.POL.FED ART1 MP808/94AP;N;
715;GDAF- ART.1-LEI 9.641/98;N;
719;VANT. ART.5 MP.925/95_- AT;F;
720;VANT. ART.5 MP.925/95 - APO;F;
721;1. DECIMO - MP 1160/95  ATIVO;F;
722;1. DECIMO - MP 1160/95  APOS;F;
723;2. DECIMO - MP 1160/95  ATIVO;F;
724;2. DECIMO - MP 1160/95  APOS.;F;
725;3. DECIMO - MP 1160/95  ATIVO;F;
726;3. DECIMO - MP 1160/95  APOS.;F;
727;4. DECIMO - MP 1160/95  ATIVO;F;
728;4. DECIMO - MP 1160/95  APOS.;F;
729;5. DECIMO - MP 1160/95  ATIVO;F;
730;5. DECIMO - MP 1160/95  APOS.;F;
731;6. DECIMO - MP 1160/95  ATIVO;F;
732;6. DECIMO - MP 1160/95  APOS.;F;
733;7. DECIMO - MP 1160/95  ATIVO;F;
734;7. DECIMO - MP 1160/95  APOS.;F;
735;8. DECIMO - MP 1160/95  ATIVO;F;
736;8  DECIMO - MP 1160/95  APOS.;F;
737;9. DECIMO - MP 1160/95  ATIVO;F;
738;9. DECIMO - MP 1160/95  APOS.;F;
739;10.DECIMO - MP 1160/95  ATIVO;F;
740;10.DECIMO - MP 1160/95  APOS.;F;
741;RETRIBUICAO MEDICO RESIDENTE;N;
742;CONT.TEMPOR ART 37 C.F PROFES.;N;
743;ADIANT.REMUN.MP1684-48/98 - AT;N;
744;ADIANT.REMUN.MP1684-48/98 -APO;N;
745;ADIANT.REMUN.MP1158/95ART2-PEN;N;
746;ADIANT.GRATIF.NATALINA-CDT;N;
747;GRATIFICACAO NATALINA-CDT;N;
750;ADICIONAL 1/3 DE FERIAS - CDT;N;
753;DIARIAS - CDT;N;
757;RETRIBUICAO CARGO EM COMISSAO;F;
758;GRAT.ATIV.EM CIEN.TEC-GCT ATI.;C;
760;GRATIF. ART.14,LEI8270/91-AT;C;
761;GRATIF. ART14,LEI8270/91-APO;C;
769;RETRIB.ADIC.VARIAVEL CVM - AP;N;
772;FERIAS VENCIDAS/PROPORC. CDT;N;
776;ANUENIOS/QUINQ./TRIENIOS/CLT;N;
777;GRAT.ATIV.EXEC/GAE RM GR.JUR;C;
778;GRAT.ATIV.EXEC/GAE RM AS.JUR;C;
780;GRAT.AT.EX/GAE ART.3 L 8538/92;C;
781;GRAT TEMP POL RODOV FEDERAL AT;C;
782;GRAT TEMP POL RODOV FEDERAL AP;C;
784;ADIC. T. SERVICO - DEFENSORIA;C;
800;DESC.ABONO PECUN.M.P 1.195/95;N;
802;GCT DIF VENC ART 22 L 8216;N;
804;INDENIZ.AO ERARIO 8.112 ART.46;N;
805;GRAT.ATIV.POLIC.FEDERAL DPF AT;N;
806;GRAT.ATIV.POLIC.FEDERAL DPF AP;C;
808;GRAT.COMPENS.ORGANICA DPF AT;N;
809;GRAT.COMPENS.ORGANICA DPF AP;C;
811;GRATIFICACAO DE RISCO DPF AT;N;
812;GRATIFICACAO DE RISCO DPF AP;C;
817;VANT PES ART 5 DEC.95689/88 AP;C;
818;DIFER IND ART 5 DEC 2280/85 AT;N;
819;DIFER IND ART 5 DEC 2280/85 AP;C;
826;CPMF - LEI 9.311/96 - ATIVOS;N;
827;CPMF - LEI 9.311/96 - APOSENT;N;
828;CPMF - LEI 9.311/96 - PENS;N;
831;CONT.TEMPOR ART 37 NAT INDUST;N;
832;CONT.TEMP.ART.37 S.E.MAO OBRA;N;
841;FGTS MULTA RESCISSAO 40%-CLT;N;
842;CONT.TEMPOR ART37 C.F.A.CENSIT;N;
845;GDCT/LEIS 9.638/98 E 9.647/98;N;
852;VANTAGEM PESS.ART.15 L.9527/97;F;
853;GDCT- LEIS 9.638/98 E 9.647/98;N;
854;RESIDUOS ATS-EX-LBA - OC 32/97;N;
855;VANT.PESS.ART.15 L 9527/97 AP;C;
858;RESIDUOS ATS-EX-LBA-OC32/97-AP;N;
883;GRAT.DE ATIV.POLIC.ROD.FEDERAL;C;
884;GRAT.DE ATIV.POLIC.ROD.FEDERAL;C;
885;GRAT.DESGASTE FISICO MENTAL;C;
886;GRAT.DESGASTE FISICO MENTAL;C;
887;GRAT. ATIVIDADE DE RISCO;C;
888;GRAT.ATIVIDADE DE RISCO;C;
894;GRAT.ESTIMULO A DOCENCIA AT;C;
895;GRAT.ESTIMULO A DOCENCIA AP;C;
897;ACERTO DE FERIAS - APOSENTADO;N;
901;VANT.PESS.ART.15 LEI 9.527/97;F;
902;VANT.PES.ART.15 L.9.527/97 AP;C;
903;OPCAO DE FUNCAO - APOSENTADO;F;
904;REPRESENTACAO MENSAL - APOSENT;F;
905;OPCAO GADF;F;
912;DECIMOS/QUINTOS INCORPORADOS;F;
918;SALARIO FAMILIA CDT 8745/93;N;
937;GED-PLANO DE AVALIACAO/MEC  AT;N;
938;GED-PLANO DE AVALIACAO/MEC  AP;N;
951;AUXILIO-TRANSPORTE;N;
955;VANTAGEM ADMINIST. 28.86%-ATIV;P;
956;VANTAGEM ADMINIST.28.86%-APOS;P;
957;VANTAGEM ADMINIST.28.86%-PENS;P;
959;AUX ALIMENT PORT 133/86-CLT;N;
964;COMPLEMENTACAO SALARIAL AT;C;
972;EXERC.ANTERIORES SENT.JUDICIAL;N;
973;GRAT.DESEMP.ATIV.TRIBUTARIA AT;N;
974;GRAT.DESEMP.ATIV.TRIBUTARIA AP;N;
978;AUX.ALIMENTACAO-EX.ANTERIORES;N;
979;INDENIZACAO PDV;N;
981;VANT.PES.ART19 UNICO MP1915-3;F;
982;VANT.PES.ART17?2 MP1915-3/99;F;
983;INCENT.LIC.S/REMU.ART18 MP1917;N;
984;INDENIZACAO PDV/96 - 28,86%;C;
988;ABONO SALARIAL ACT - CLT;N;
990;GRAT.OP.ESPECIAIS MP 2009/99;N;
991;GRAT.OP.ESPECIAIS MP2009/99 AP;C;
1002;MS 99028469-8/GDAT-AT;N;
1003;MS 200127092-01 20VF/DF;N;
1005;AO 902329-7 VENCIMENTO DPF;N;
1006;MS20003400028280-2 9VF/MS GDAF;N;
1011;DECISAO JUDICIAL TRAN JUG AT;N;
1019;DECISAO JUDICIAL N TRAN JUG AT;N;
1033;DECISAO JUDICIAL TRAN JUG APOS;N;
1038;DECISAO JUDICIAL N TRAN JUG AP;N;
1039;DECISAO JUDICIAL TRANS JUG PEN;N;
1044;DECISAO JUDICIAL N TRAN JUG PE;N;
1057;VP   DEC JUD ENQ L10355 TRAN J;N;
1058;VP DEC JUD ENQ L10355 TRAN.JUL;N;
1061;VP DEC JUD ENQ L10355 SUB JUDI;N;
1062;VP DEC JUD ENQ L10355 SUB JUDI;N;
1063;XII 1034 REPRES. MENS.ISO/DEL;N;
1076;RT 2532/91 84,32% PB ATIVO;N;
1087;AO 902329-7 VENC. DPF;N;
1100;DECISAO JUD TRAN JUG IS/PSS-AT;N;
1105;DEC JUD N TRAN JUG S/PSS - AP;N;
1113;DEC JUD N TRAN JUG IS/PSS - AT;N;
1129;DEC JUD N TRANS JUG DEV IR AT;N;
1130;DEC JUD N TRANS JUG DEV IR PEN;N;
1142;ALVARA JUDICIAL 3,17%;N;
1166;P XII 1034/89 VENC. ISO/DEL;N;
1167;P XII 1034/89 REP.MENSAL AT;N;
1168;P XII 1034/89 PROV ISO/DEL AP;N;
1169;P XII 1034/89 REP. MENSAL APO;N;
1181;RT 1753/90  26,05% - AT;N;
1209;MS20026100011140-3 8 VF/SP-AT;N;
1220;MS20036100016625-1 SINDTTEN;N;
1224;MS20035101016480-6 3,17/28,86%;P;
1238;DIF CORRECAO 28,86% INATIVO;P;
1239;DIF CORRECAO 28,86% ATIVO;P;
1240;ALVARA JUDICIAL-PASS.28,86%/AT;P;
1242;ALVARA JUDICIAL-PASS.28,86%/AP;P;
1247;AC 933642-4 MF/MS 28,86% AT;P;
1248;AC 933642-4 MF/MS 28,86% AP;N;
1248;AC 933642-4 MF/MS 28,86% AP;P;
1251;DECISAO JUDICIAL AT;N;
1254;DEVOLUCAO PSS EC 41 DEC.JUD AP;N;
1257;QUITACAO 28,86% JUDICIAL AT;P;
1258;QUITACAO 28,86% JUDICIAL APOS;P;
1259;P 1183/94 84,32% TRT/RO2131/92;C;
1260;P 1183/94 84,32% TRT/RO2131/92;C;
1264;QUITACAO 28,86% DEC JUD PENSIO;P;
1270;DEV. EC41 DEC.JUD.PSS PEN;N;
1271;DEP.JUIZO EC41 DEC.JUD.PSS APO;N;
1278;AO 980849-7 2VF/AL 28,86% PENS;P;
1290;INCORP. 3,17% DEC. JUD. PENSIO;N;
1293;DECISAO JUDICIAL N TRAN JUG AP;N;
1294;PAGTO EXERC ANT DEC JUDIC AP;N;
1297;LIC. PREMIO DEC JU. ISENTA IR;N;
1298;GDATA DEC JUD. PENSIONISTA;N;
1301;PAGTO EXERC ANT DEC JUDIC ATIV;N;
1302;PAGTO EXERC ANT DEC JUDIC PENS;N;
1309;DECISAO JUDICIAL 317 PENSIONI;N;
1321;AC 934520-5 28,86% ATIVO;P;
1322;AC 934520-5 28,86% AP;P;
1324;PENSAO ESP. DECISAO JUDICIAL;N;
1343;MC 941279-9 28,86% AT;C;
1344;MC 941279-9 28,86% AP;N;
1358;P 9338389 TETO MIN GRAT NAT AP;N;
1360;MC 941165-2 28,86% AT;P;
1361;MC 941165-2 28,86% AP;P;
1363;DEV. PSS JUDICIAL SUBSIDIO;N;
1379;AO 970075157-0 23VF/RJ 28,86%;P;
1381;RT 1586920-39 26,05% APOSENT;N;
1387;MS 930031351 28,86% AP;P;
1394;MC 94700565-8 84,32% AT;N;
1403;MS 940001170-9 28,86% DNOCS;P;
1408;P L.7923/89 IHPF DPF AT;N;
1414;DEV.PSS S/FERIAS SUBS. DEC JUD;N;
1416;AC 934245-9 28,86% AT;P;
1418;P 1463/92 TRT OFF/RO 26,05% AT;N;
1419;P 1463/92 TRT OFF/RO 26,05% AP;C;
1421;P 1463/92 TRT OFF/RO 84,32% AP;C;
1427;28,86%  SUBSIDIO JUDICIAL ATIV;P;
1428;AC 941371-1 28,86% AT;P;
1429;28,86%  SUBSIDIO JUDICIAL APOS;P;
1430;MI 1351/92 84,32% AT;N;
1431;MI 1351/92 84,32% AP;N;
1435;AO 1047/90 26,05% AP;C;
1438;MC 94700566-6 84,32% AT;C;
1440;MS 20048325852-5 3 VF/PE28,86;P;
1451;MS 94000567-9 28,86% AT;P;
1452;MS 94000567-9 28,86% AP;P;
1454;P 017119103-0TRT/14RG 84,32%AT;C;
1455;DEC JUD N TRANS JULG - DEV IR;N;
1456;AC 94001352-3 28,86% AT;P;
1467;MC 942035-0  28,86% FUFMS APOS;N;
1469;RT 00018291-03 84,32% ATIV/APO;C;
1476;P 923684-8 84,32% MAER APOSENT;C;
1485;VPNI PCCS-DEC.JUD TRAN.JULGADO;C;
1486;VPNI PCCS-DEC.JUD TRAN.JULGADO;N;
1488;MS 93113773-5 28,86% ATIVO;P;
1491;AC 942367-7 28,86% AT;P;
1492;AC 942367-7 28,86% AP;P;
1493;AC 942512-2 28,86% AT;P;
1494;AC 942512-2 28,86% AP;P;
1530;AC 943105-0 28,86% AP;P;
1549;MC 943934-4 28,86% AP;N;
1553;MS 9330475-5 28,86% AP;P;
1571;MC 944322-8 28,86%  - AT;C;
1571;MC 944322-8 28,86%  - AT;P;
1572;MC 944322-8 28,86%  - APOS;C;
1572;MC 944322-8 28,86%  - APOS;P;
1581;MC 944003-2 28,86%  - AT;P;
1582;MC 944003-2 28,86%  - APOS;P;
1619;RT 1348/89 26,05% AP;C;
1624;MC 949067-6 28,86% AT;P;
1625;MC 949067-6 28,86%  AP;P;
1633;AO 9312885-0 - 28,86% - AT;P;
1634;AO 9312885-0- 28,86% - APO;P;
1640;MC 943998-0 - 28,86%- APO;C;
1654;MC 934706-0 - 28,86%- AT;P;
1655;MC 934706-0 - 28,86%- APO;P;
1658;AO 9111817-6 -26,05%   - AT;N;
1661;AO 9314587-8 28,86% AT;P;
1662;AO 9314587-8 28,86% AP;P;
1709;RT 2025/92 84,32% INSS/CE AT;N;
1710;RT 2025/92 84,32% INSS/CE AP;N;
1715;MS 949709-3 COMPL SL S/TETO AP;N;
1718;RT 1571/89 AD PCCS INSS/SP AT;N;
1719;RT 1571/89 AD PCCS INSS/SP AP;N;
1728;MS 9415188-8 DEV.GRAT.NAT TETO;N;
1729;MS 9415188 DEV.GRAT NAT TETO;N;
1738;MS 9414834-8 DEV T.GRAT NAT;N;
1739;MS 9414834-8 DEV.T.GRAT.NAT AP;N;
1744;P 2795/89 9,19%       ATIVO;N;
1745;P 2795/89 9,19%   JCJ  APOS;N;
1746;P 2795/89 17,68% JCJ    ATIVO;N;
1747;P 2795/89  17,68% JCJ   APOS;N;
1760;MS 3027-M/95.5-9 AD.1/3 FER AT;N;
1761;MS 3027-M/95.5 9A AD 1/3 FERIA;N;
1762;MS 3027-M/95.5-5 AD.1/3 FERIAT;N;
1763;MS 3027-M/95.5-5-9 FERIAS ANT.;N;
1778;84,32% RT.2939/91 - AT;C;
1779;84,32% RT.2939/91 - APO;C;
1785;RT 1012/89 - PCCS - APOSENT.;C;
1797;MS 950001886-1 VP MP 831 AT;N;
1798;MS 950001886-1 VP MP 831 AP;N;
1801;VANT PES - ANUENIO  ATIVO;C;
1806;AO 947392-5  ISONOMIA ATIVO;N;
1807;AO 947392-5  ISONOMIA APOSENT;N;
1808;RT 1500/91 84,32 ATIVO;N;
1809;RT 1.500/91 84,32% APOSENT;N;
1823;AO 935929-7 P.INC. ATIVO;N;
1830;DEC JUD 28,86% AT N TRAN JULG;P;
1831;RT 07647900-64 80% APOSENTADO;N;
1831;DEC JUD 28,86% AT TRAN JULG;P;
1832;DEC JUD 28,86% AP N TRAN JULG;P;
1833;DEC JUD 28,86% AP TRAN JULG;P;
1834;DEC JUD 28,86% PE N TRAN JULG;P;
1835;DEC JUD 28,86% PE TRAN JULG;P;
1892;MS 959012-0 INC.QUINTOS AT;N;
1955;MS 9511280-9 INC. QUINTOS APOS;N;
2001;RT 490/91 - PCCS - ATIVO;N;
2002;RT 490/91 - PCCS - APOSENTADO;N;
2007;RT 395/90 - 12 REF.- ATIVO;N;
2015;RT 1793/89 - 26,05% - ATIVO;N;
2023;RT 1795/89 - 26,05% ATIVO;N;
2033;AO 887/7 - 26,05% - APOSENT;N;
2035;RT 395/90 - 12 REF.- APOSENT.;N;
2075;RT 144/90 -AD PECUN. APOSENT.;N;
2076;RT 041/90 -PCCS - ATIVO;N;
2086;RT 1549/89 - PCCS - ATIVO;C;
2120;RT 919/89-PCCS/URP - ATIVO;N;
2121;RT 919/89 - PCCS/URP-APOSENT.;N;
2134;RT 890001425-1 -PCCS- ATIVO;N;
2146;RT 891045.T PCCS- ATIVO;N;
2176;RT 603/90 AP.2345/90-PCCS- AT;N;
2177;RT 603/90 AP.2345/90-PCCS- APO;N;
2186;RT 1218/89 - 26,05% - ATIVO;C;
2221;RT 1437/90 - 26,05% - ATIVO;N;
2223;AT 2077-2105/89 -26,05% -ATIVO;N;
2231;RT 520/89 - 26,05% - ATIVO;N;
2232;RT 520/89 - 26,05% - APOSENT.;N;
2235;RT 1442/92 - 26,06% - ATIVO;N;
2236;RT 1442/92 - 26,06% - APOSENT.;N;
2403;MC 933642-4 28,86% ATIVO;P;
2404;MC 933642-4 28,86% APOSENT.;P;
2405;MS 895755-3 26,05% ATIVO;C;
2406;MS 895755-3 26,05% APOSENT;C;
2518;AC 725/89 -26,05%- ATIVO;N;
2519;AC 725/89 -26,05%- APOSENT.;N;
2526;MS 9324175-3 -28,86%- ATIVO;P;
2527;MS 9324175-3 -28,86%- APOS.;P;
2530;MS 9326019-7 -28,86%- ATIVO;P;
2531;MS 9326019-7 -28,86%- APOS.;P;
2536;AC 91212-7 -67,97%- ATIVO;N;
2551;AO I-717/89 -URP- ATIVO;C;
2627;RT 1199/90 PCCS ATIVO;N;
2631;RT 983/89 PCCS ATIVO;N;
2643;RT 1900/89 PCCS ATIVO;N;
2651;RT 1678/90  PCCS ATIVO;N;
2661;RT 1466 PCCS ATIVO;N;
2717;AO 698/91-1JCJ-AUX.MOR(30%)-AT;N;
2747;RT 1610/90 -84,32%- ATIVO;N;
2748;RT 1610/90 -84,32%- APOS.;N;
2795;AO 944666-9  28,86% ATIVO;P;
2796;AO 944666-9  28,86% APOS.;P;
2832;RT 548/89 26,05% ATIVO;N;
2836;RT 1741/89 26,05% ATIVO;N;
2838;RT 1392/90 26,05% AT;N;
2858;RT 12288326-89 PCCS ATIVO;C;
2859;RT 12288326-89 PCCS APOSENTADO;N;
2956;AO 933263-1   84,32%- ATIVO;N;
2976;RT 1931/92 -45%- ATIVO;N;
2977;RT 1931/92 -45%- APOS.;N;
2978;RT 93/91 -84,32%- ATIVO;N;
2979;RT 93/91 -84,32%- APOS.;N;
2980;RT 962/91 -58,89%- ATIVO;N;
2981;RT 962/91 -58,89%- APOS.;N;
3000;AO 934246   28,86%- ATIVO;P;
3001;AO 934246   28,86%- APOS.;P;
3002;AO 91752-8   26,05%- ATIVO;N;
3003;AO 91752-8   26,05%- APOS.;N;
3028;AO 674-G/88 -REPOSIC.-ATIVO;N;
3029;AO 674-G/88 -REPOSIC.- APOS.;N;
3082;MC 942491.6 -28,86%- ATIVO;P;
3083;MC 942491.6 -28.86%- APOS.;P;
3094;RT 1376/89 -PCCS- ATIVO;N;
3095;RT 1376/89 -PCCS- APOS.;N;
3100;AO 88256-0- AD. T. SERVICO AT;C;
3101;AO 88256-0-AD.TEMPO SER-AP;N;
3104;RT 5357 A 5409/90 -84,32%- AT.;C;
3105;RT 5357 A 5409/90 -84,32%- APO;C;
3106;RT 753 A 758/92 -26,06%- ATIVO;C;
3108;AO 898350-3 -AD.TEMPO SER-AT;C;
3109;AO 898350-3  -AD.TEMPO SER-APO;N;
3128;AO 901671-1 - 26,05% - ATIVO;N;
3129;AO 901671-1 - 26,05% - APOS;N;
3136;AO 94481-8   26,05%- ATIVO;N;
3146;AO 3331/84-C -REMUN.- ATIVO;N;
3214;AC 934245-9 28.86% ATIVO;P;
3215;AC 934245-9  -28,86% APOSENT;P;
3235;AT 4706 A 4758/90 26,05% ATIVO;N;
3243;AT 5190A5281/90 84,32% ATIVO;N;
3267;RT 1063/89 - GOIAS   PCCS ATIV;N;
3281;RT 1678/89 PCCS ATIVO;N;
3303;RT 1436/89 26,05%  APOSENTADO;C;
3308;AO 9313138-9 28,86% ATIVO;P;
3309;AO 93131389 28,86% APOSENTADO;P;
3391;AO 674-G/88 12 REFER. APOSENT;N;
3394;AC 944322-8 28,86% ATIVO;P;
3395;AC 944322-8 28,86% APOSENTADO;P;
3396;AO 90746-1  26,05% ATIVO;C;
3398;AO 9313138-9 - 28,86% ATIVO;P;
3405;CS 2420-PC/92 URP/26,05% ATIVO;C;
3408;MS 910028250-2 AB.TETO APOSENT;N;
3417;AO 9111866-4  26,05% ATIVO;C;
3418;AO 9111866-4  26,05% APOSEN;N;
3419;AO 901671-1 26,05% ATIVO;N;
3420;AO 901671-1 26,05% APOSEN;N;
3453;AS 8523071-1 12 REFER. ATIVO;N;
3454;AS 8523071-1 12 REFER. APOSEN;N;
3506;AO 91506271-3 QUINTOS APOSENT;N;
3523;AO 898350-5.A.T.SERV.QUINQ.AT;N;
3569;RT 53901337-01  26,05% ATIV;N;
3570;RT 53901337-01 26,05% APOSE;N;
3573;RT 2595/91 -84,32% ATIVO;C;
3574;RT 2595/91 84,32% APOSENTADO;C;
3575;RT 2939/91 84,32% ATIVO;C;
3576;RT 2939/91 84,32% APOSENTADO;C;
3670;RT 3508/89 PCCS - AP;N;
3681;RT 402/89 PCCS - AT;N;
3682;RT 402/89 PCCS - AP;N;
3685;RT 1425/89 PCCS - AT;N;
3688;RT 1132/89 -  26,05% - AP;N;
3707;RT 400/89 PCCS 7686/88 - AT;C;
3711;RT 1712/89 26,05% 7686/88 - AT;N;
3712;RT 1712/89 26,05% 7686/88 - AP;N;
3717;RT 1004/89 PCCS 7686/88 - AT;C;
3780;RT 3508/89 - PCCS - AP;N;
3782;RT 859/89 - PCCS - AP;N;
3795;RT 844/89 - PCCS - AT;C;
3803;AO 7003269 - QUINQUENIOS AT;N;
3804;AO 7003269 - QUINQUENIOS APOS;N;
3837;RT 896/89 - PCCS - AT;N;
3923;MC 9221148-8 - 84,32% - AT;N;
3928;MC 91111376-3 - 84,32% - AP;N;
3937;MC 92101260-8 - 84,32% - AT;N;
3941;AO 6221220/84 - QUINQ.GRAT. AT;N;
3942;AO 6221220/84 - QUINQ.GRAT. AP;N;
3954;MC 9228136-2 - 45% - AP;N;
3981;RT 12288 326/89 - PCCS - AT;N;
3982;RT 12288 326/89 - PCCS - AP;N;
3983;RT 7737-45/89 - 26,05% - AT;N;
3984;RT 7737-45/89 - 26,05% - AP;N;
3985;RT 2018.20/90 ADIC.INSAL. - AT;N;
4013;RT 1621/89 - 26,05% - AT;C;
4015;T 942/89 - PCCS - AT;N;
4016;RT 942/89 - PCCS - AP;N;
4023;RT 1634 - 26,05% - AT;C;
4025;RT 1635/89 26,05% - AT;C;
4031;RT 942/89 - 26,05% -  ATIVO;C;
4033;RT 222/89 - 26,05% - AT;N;
4069;RT 521/89 - PCCS - AT;N;
4073;RT 519/89 - PCCS - AT;C;
4075;RT 1457/89 - PCCS - AT;N;
4076;RT 1457/89 - PCCS - AP;N;
4079;RT 1060/89 - PCCS - AT;N;
4083;RT 53890910-01 3JCJ/SE PCCS;N;
4084;RT 53890910-01 PCCS/DIF. AP;N;
4089;RT 1133/89 - PCCS - AT;C;
4090;RT 1133/89 - PCCS - AP;C;
4095;RT 610/89 - PCCS - AT;N;
4142;AO 6248632 - BIENAL JUD. - AP;N;
4148;AO 7015640/85-QUINQUENIO  - AP;N;
4171;RT 983-0/89 - PCCS - AT;N;
4173;RT 910/89 - PCCS - AT;C;
4195;AO 898350-5 AD.T.SER-QUIN;C;
4196;AO 898350-5 AD-T.SERV.QUIN;N;
4199;AO 893472-3 - 26,05% - AT;C;
4201;AO 9114304-9 - 26,05% - AT;C;
4202;AO 9114304-9 - 26,05% - AP;C;
4203;AO 7358-911 AD. T. SERVICO  AT;N;
4204;AO 7358-911 AD. T. SERVICO  AP;N;
4205;AO 880000256-0 - AD.T.SERV -AT;C;
4206;AO 880000256-0 - AD.T.SERV. AP;N;
4292;AO 7683278 12 REFEREN APOSEN;N;
4299;RT 1541/92 45% ATIVO;N;
4308;AO 4099/73_BIENAL APOSENTADO;N;
4325;AO 88256-0 QUINQ. ATIVO;N;
4326;AO 88256-0 QUINQ. APOSENT;N;
4348;RT 437/91-6  26,05 APOSENTADO;N;
4603;RT 922/89 PCCS+URPS 04/05/88AT;N;
4645;MS 9522124-1 18VF/RJ REAJ.PROV;N;
4674;RT 13891085/01/89 PCCS ATIVO;N;
4675;RT 13891085/01/89 PCCS AP;N;
4692;RT 922/89 PCCS  AT;N;
4766;AO 893472-3 26,05% ATIVO;C;
4767;AO 893472-3 26,05% APOS;C;
4928;26,05% URP/89 UNB ATIVO;C;
4929;26,05% URP/89 UNB APOS;N;
4932;INCORP. REAJUSTE 45%  UNB AT;N;
4933;INCORP. REAJUSTE 45% UNB APOS;N;
4936;AC 941977-7 28,86% AT;P;
4937;AC 941977-7 28,86% AP;P;
4938;AC 942281-6 28,86% ATIVO;P;
4939;AC 942281-6 28,86% AP;P;
4940;AC 942891-1 28,86% ATIVO;P;
4941;AC 942891-1 28,86% APOS;P;
4942;AC 945455-6 28,86% ATIVO;P;
4943;AC 945455-6 28,86% AP;P;
4944;AC 944503-4 28,86% ATIVO;P;
4945;AC 944503-4 28,86% AP;P;
4946;AC 944120-9 28,86% ATIVO;P;
4947;AC 944120-9 28,86% AP;P;
4948;AC 944502-6 28,86% AT;P;
4949;AC 944502-6 28,86% AP;P;
4950;AC 942226-3 28,86% ATIVO;P;
4951;AC 942226-3 28,86% AP;P;
4952;AC 945410-6 28,86% AT;P;
4953;AC 945410-6 28,86% AP;P;
4954;AC 942279-4 28,86% AT;P;
4955;AC 942279-4 28,86% AP;P;
4956;AC 945437-8 28,86% AT;P;
4957;AC 945437-8 28,86% AP;P;
4958;AC 944501-8 28,86% ATIVO;P;
4959;AC 944501-8 28,86% AP;P;
4960;AC 941978-5 28,86% AT;P;
4961;AC 941978-5 28,86% AP;P;
4962;AC 942274-3 28,86% AT;P;
4963;AC 942274-3 28,86% AP;P;
4964;AC 941979-3 28,86% AT;P;
4965;AC 941979-3 28,86% AP;P;
4966;AC 944370-8 28,86% AT;P;
4967;AC 944370-8 28,86% AP;P;
5036;RT 664/89 26,05% AT;C;
5046;RT 1616/89 26,05% ATIVO;C;
5076;RT 1009/89 26,05% ATIVO;C;
5077;RT 1009/89 26,05% APOSENTADO;C;
5215;RT 958/90 PCCS ATIVO;N;
5216;RT 958/90 PCCS APOSENTADO;N;
5220;MS 9714645-6 19V/SP PSS 6%;N;
5256;MC 9218462-6 45% APOSENTADO;N;
5278;MC 91572-0 84,32% AP;N;
5356;RT 1080/89 14,27% ATIVO;N;
5564;AC 934245-9 UFMT 28,86% SJ.MS;P;
5565;AC 934245-9 UFMT 28,86% SJ.MS;P;
5778;AC 934245-9JF/MS-28,86%_AT;P;
5779;AC 934245-9JF/MS-28,86%_AP;P;
5929;MS 9512105-0 1VF/PB PSS ATIVO;N;
5988;MS 963179-7 15VF/DF ABONO PEC.;N;
6010;MS 962419-7 10VF/RJ ABONO PEC.;N;
6021;MS 953061-6 1VF/MA 26,05% ATIV;N;
6072;AO 939167-0 8VF/BA 28,86% ATIV;P;
6073;AO 939167-0 8VF/BA 28,86% APOS;P;
6082;RT 1393 6JCJ/SP PCCS ATIVO;N;
6105;AO 900002329-7DPF/ATS/ATIV/AT;N;
6128;AC 96100-6 1VF/RO DEV. PSS ATI;N;
6156;MS 96159-6 1VF/MS AB PEC;N;
6162;MS 9517450-2 7VF/DF AB PEC;N;
6175;AO 9511004-5 8V/PR 28,86%AT/AP;P;
6179;MS 9646-8 1VF/PB PSS 6% ATIVO;N;
6181;AO 962845-1 5VF/DF 28,86%AT/AP;P;
6219;MS 96448-0 1V/PB PSS ATIVO;N;
6239;MS 96449-8 2V/PB PSS ATIVO;N;
6254;AO 9514333-0 8V/PR 28,86%AT/AP;P;
6255;AO 9514331-3 8V/PR 28,86%AT/AP;P;
6346;MS 961280-6 1V/PA ABONO PEC AT;N;
6354;MS 961480-9 9V/MG ABONO PEC AT;N;
6399;RT 1382/92 45J/SP 26,06% AT/AP;N;
6460;RT 1233/89 1JCJ/MS PCCS;N;
6473;AO 942414-2 3VF/MT 28,86%;P;
6521;MS 96417-0 1V/PI ABONO PEC;N;
6583;MS 96526-5 1VF/DF ABONO PEC;N;
6605;AO 9521068-1 5VF/DF 28,86%;P;
6612;AO 9520012-0 18VF/DF 28,86%;P;
6636;MS 962171-6 4VF/DF RAV;N;
6637;MS 963380-3 16VF/DF RAV;N;
6640;MS 9512498-0 16VF/DF RAV;N;
6641;MS 9512210-3 16VF/DF RAV;C;
6677;MS 96956-2 2V/SE ABONO PEC;N;
6716;MS 943805-4 5VF/CE 28,86%;P;
6745;AO 939051-8 3VF/GO 28,86%;P;
6763;AO 94309-9 1VF/TO 28,86 AT/AP;P;
6764;MS 943804-06 3VF/CE 28,86AT/AP;P;
6789;MS 960415-3 2VF/PI ABONO PEC;N;
6816;AO 9313139-7 2V/DF 28,86 AT;P;
6817;AO 9313139-7 2V/DF 28,86 APO;P;
6818;MS 95118800-0 2TRF/DF 28,86 AT;P;
6819;MS 95118800-0 2TRF/DF 28,86 AP;P;
6880;RT 5390481-01 3JCJ/SE 47,11 AT;N;
6881;RT 5390481-01 3JCJ/SE 47,11%AP;N;
6882;RT 5190480-01 1JCJ/SE 47,11%AT;N;
6982;MS 964053-2 5VF/BA ABONO PEC;N;
6992;MS 962172-4 4VF/DF RAV ATIVO;N;
6993;MS 962172-4 4VF/DF RAV APOSEN;N;
6994;MS 965128-3 16VF/DF RAV ATIVO;N;
6995;MS 965128-3 16VF/DF RAV APOSEN;N;
7002;MS 966550-0 16VF/DF RAV ATIVO;N;
7004;MS 962536-3 4VF/DF RAV ATIVO;N;
7017;MS 964567-4 6VF/DF RAV APOS;N;
7159;RT 0937/91 6JCJ/PA 84,32%-AT;N;
7218;MS 96635-0 3VF/DF ABONO PEC;N;
7422;MS 969919-7 9VF/DF ABONO PECUN;N;
7472;MS 961962-2 3VF/ES ABONO PECUN;N;
7581;RT 5390133701 3CJ/SE 26,05% AP;N;
7619;MS 9519039-7 17VF/DF PSS;N;
7622;MS 958729-4 4V/GO DEV. PSS ATI;N;
7639;AO 944073-3 14VF/DF 28,86% AT;P;
7640;AO 944073-3 14VF/DF 28,86% AP;P;
7653;MS 9612345-4 4VF/CE 28,86% AT;P;
7654;MS 9612345-4 4VF/CE 28,86%_AP;P;
7799;MS 963054-5 5VF/RN ABO PEC AT;N;
7818;AO 969527-2 5VF/DF 28,86% AT;P;
7819;AO 969527-2 5VF/DF 28,86% AP;P;
7830;MS 9326019-7 1VF/CE 28,86% AT;P;
7831;MS 9326019-7 1VF/CE 28,86% AP;P;
7858;MS 969919-7 9VF/DF ABONO PEC;N;
7883;MS 963375-7 17VF/DF RAV ATIVO;N;
7885;MS 962001-9 17VF/DF RAV ATIVO;N;
7927;MS 961900-2 10VF/MG ABONO PEC;N;
7989;AO 900002329-7DPF/PERI/INSA.AT;N;
8012;MS 9511559-0 4VF/DF RAV ATIVO;N;
8014;MS 9511925-0 IN. QU. 5VF/DF AT;N;
8026;MS 95201992-0 28,86% JF/MG AT;P;
8027;MS 95201992-0 28,86% JF/MG AP;P;
8028;MC 943218-8 28,86% 3V/MS AT;P;
8029;MC 943218-8 28,86% 3V/MS AP;P;
8030;AC 934707-8 28,86% 3V/MS AT;C;
8030;AC 934707-8 28,86% 3V/MS AT;P;
8031;AC 934707-8 28,86% 3V/MS AP;P;
8131;MS 9410349-2 28,86% ATIVO;P;
8132;MS 9410349-2 - 28,86% APOS.;P;
8169;MS 9430515-6 1VF/RJ 28,86%;P;
8170;MS 9430515-6 1VF/RJ 28,86%;P;
8187;RT 1549/89  10V/MS  PCCS;C;
8197;MS 9430517-6 30VF/RJ 28,86%;P;
8198;MS 9430517-6 30VF/RJ 28,86%;P;
8289;AO 934284-0 5VF/PE VP ART 192I;N;
8315;AO 934287-4 1V/PE VP ART192;N;
8561;AO 942567-0 28,86% 8VF/CE ATIV;P;
8562;AO 942567-0_8VF/CE 28,86% APOS;P;
8705;RT 13891085-01/13JCJBA PCCS AT;N;
8706;RT 13891085-01/13JCJBA PCCS AP;N;
8753;MS 95.20626-9_PRO LABORE AT;N;
8769;MS 9521012-6 16VF/DFAB.PEC AT;N;
8795;MS 9512082-8 VF/PB ABONO PEC;N;
8802;MS 9511786 3VF/DF ABONO PEC.;N;
8810;MS 9520864-4 PRO LABORE AT;N;
8816;MS 9512096-8 PSS 6% 1VF/PB ATI;N;
8846;MS 9520615-3 9VF/DF ABONO P;N;
8847;MS 9519920-3 16VF/DF ABONO P;N;
8848;MS 9519869-0 17VF/DF AB PEC AT;N;
8891;D 627_95 17VF/DF AB.PECUNIA.;N;
8918;MS 0400000026596_11 1VF/ES ABO;N;
8930;MS 9642_5 ABONO PECUNIARIO;N;
8932;MS 969-3  1VF/PI AB.PEC.;N;
9000;MS 9521143-2 5V/DF ABONO PEC;N;
9014;MS 96640-7 3VJF/DF ABONO PEC.;N;
9017;MS 9666-2 2VJF/CE ABONO PECUN.;N;
9029;MS IPEA 0400000135696_18 AB PE;N;
9060;AO 292/89 2AV/MS ATIVO AD.PCCS;C;
9070;RT 1321/89 32JCJ/SP PCCS ATIV;N;
9080;MS 9669-7 9V/PR AB PEC AT;N;
9104;MS 950025326-7 2V/RS AB PEC AT;N;
9106;MS 9520911-0 15V/DF AB PECUN;N;
9107;AO 9515729-2 5V/DF 28,86% ATIV;P;
9108;AO 9515729-2 5V/DF 28,86% APOS;P;
9133;AC 943997-2 3VF/MS 28,86% ATIV;P;
9134;AC 943997-2 3VF/MS 28,86% APOS;P;
9152;MS 95020956-0 14VJF/DF AB PEC;N;
9178;MC 934249-1 3VF/MS 28,86 ATIV;P;
9179;MC 934249-1 3VF/MS 28,86% IN;P;
9202;MS 96635-0 3V/DF ABONO PECUNI;N;
9207;MS 96641-5 15VJF/DF ABONO PEC;N;
9208;MS 9511480-1 1VF/PB  PSS 6% AT;N;
9253;AC 943218-8 3V/MS 28,86% ATIVO;P;
9254;AC 943218-8 3V/MS 28,86% APOSE;P;
9257;AO 944081-4 3V/SC 28,86% ATIVO;P;
9258;AO 944081-4 3V/SC 28,86% APOSE;P;
9292;MS 961478-7 2V/DF ABONO PECUNI;N;
9344;MS 956505-3 1V/MS AB PEC ATIVO;N;
9359;MC 9524768-2 5V/RS AB PEC AT;N;
9378;MS 9560973-8 16V/SP ABONO PEC.;N;
9406;RT 1191/89 3JCJ/MS PCCS ATIVO;N;
9425;MS 9561966-0 18VF/SP ABONO PEC;N;
9437;MS 952994-0 2VF/RO PSS 6% ATIV;N;
9450;RT 1575/89 1JCJ/MS PCCS ATIVO;N;
9470;MS 941523-2 1VF/SC AB TETO APO;N;
9475;MS 202000056764 3VF/SC AB PEC.;N;
9480;MS 9317783-4 11VF/PR 28,86%;P;
9481;MS 9317783-4 11VF/PR 28,86%;P;
9532;MS 961591-0 3VF/DF ABO PEC ATI;N;
9569;MS 9512101-8 1VF/PB PSS 6%  AT;N;
9571;MS 9512099-2 1VF/PB PSS 6%  AT;N;
9633;MS 962226-7 1VF/DF ABONO PECUN;N;
9640;MS 96414-5 3VF/ES ABONO PECUNI;N;
9661;AO 9526371-8 7VF/RJ 28,86% ATI;P;
9662;AO 9526371-8 7VF/RJ 28,86% APO;P;
9670;AO 951003256-5 1VF/RS AB. PEC.;N;
9731;MS 96495-1 3VF/MS ABONO PEC AT;N;
9735;MS 9561965-2 1VF/SP ABONO PEC.;N;
9738;AC 941844-4 3VF/MS 28,86% ATIV;P;
9739;AC 941844-4 3VF/MS 28,86% APOS;P;
9761;MS 952851-4 2VF/RO DEV. PSS AT;N;
9778;MS 962017-5 9VF/DF ABONO PEC A;N;
9817;MS 9621-2 1VF/CE ABONO PEC ATI;N;
9862;MS 965-0/6VF/GO ABON.PEC.AT;N;
9874;AO 9517450-2 7VF/PR AB.PEC.A;N;
9878;MS 9693-0 2VF/PB AB PEC AT;N;
9938;MS 962379-4 3VF/PE ABONO PECUN;N;
9968;MS 9512268-5 3VF/PB ABONO PEC.;N;
9974;MS 969-3 6VF/GO ABONO PEC. AT;N;
10037;MS 9612223-7 1VF/DF PSS;N;
10055;AO 9612322-5 5VF/DF 28,86% AT;P;
10056;AO 9612322-5 5VF/DF 28,86% AP;P;
10057;AO 9610811-0 5VF/DF 28,86% AT;P;
10058;AO 9610811-0 5VF/DF 28,86% AP;P;
10061;AC 9310665-1 7VF/DF 28,86% AT;P;
10062;AC 9310665-1 7VF/DF 28,86% AP;P;
10063;AC 934706-0 3VF/MS 28,86% AT;P;
10064;AC 934706-0 3VF/MS 28,86% AP;P;
10065;AO 9612704-2 5VF/DF 28,86% AT;P;
10066;AO 9612704-2 5VF/DF 28,86% AP;P;
10067;AO 968476-9 1VF/BA 28,86% AT;P;
10068;AO 968476-9 1VF/BA 28,86% AP;P;
10092;RT 1279/89 22J/RJ 26,05% AP;C;
10103;AO 927478-2 JF/MG REV APOSENT;N;
10146;AO 7056222 9V/RJ GRAT BIENAL;N;
10180;MS 9610777-7 9V/DF PSS;N;
10203;MS 969479-9 3VF/DF PSS;N;
10208;MS 9614785-0 1VF/DF PSS AP;N;
10220;AO 968228-6 1VF/RJ 28,86% AT;P;
10221;AO 968228-6 1VF/RJ 28,86% AP;P;
10222;AO 9324073-0 4VF/RN 28,86% AT;P;
10223;AO 9324073-0 4VF/RN 28,86% AP;P;
10230;28,86% DECISAO JUDICIAL;C;
10230;28,86% DECISAO JUDICIAL;P;
10231;28,86% DECISAO JUDICIAL AP;P;
10232;PSS - DEV. PSS MP1415/96;N;
10233;PSS - DEV. PSS MP1415/96;N;
10234;PSS 6% MP560/94;N;
10235;PSS 6% MP560/94;N;
10258;ABONO PECUNIARIO;N;
10274;INC. DECIMOS;N;
10288;DECISAO JUDICIAL N TRAN JUG AT;N;
10289;DECISAO JUDICIAL N TRAN JUG AP;N;
10290;HONORARIO ADVOCATICIOS;N;
10312;28,86% DECISAO JUDICIAL;P;
10313;28,86% DECISAO JUDICIAL;P;
10316;PSS 6% MP560/94;N;
10404;MS 96185-5 2VF/RO PSS ATIVO;N;
10421;MS 9511931-5 8V/DF RAV ATIVO;N;
10433;AO 951261-8 4VF/AL ANUENIO AT;N;
10434;AO 951261-8 4VF/AL ANUENIO AP;N;
10474;MS 96495-1 3V/MS ABONO PECUN;N;
10514;AO 939083-6 7V/BA 28,86% AT;P;
10515;AO 939083-6 7V/BA 28,86% AP;P;
10577;MS 9612223-7 1VF/DF PSS APOS;N;
10586;MS 9614368-4 5VF/DF PSS APOSEN;N;
10587;MS 968873-0 TRT 8REG DEV PSS;N;
10601;MS 963058-8 17V/DF RAV ATIVO;N;
10602;MS 963058-8 17VF/DF RAV APOSEN;N;
10609;MS 9614364-1 16VF/DF PSS AP;N;
10693;MS 961414-0 17VF/DF RAV AT;N;
10696;MS 9520631-5  17VF/DF  RAV APO;N;
10697;MS 962175-9  17VF/DF  RAV AT;N;
10698;MS 962175-9  17VF/DF  RAV  APO;N;
10699;MS 961117-6  17VF/DF  RAV AT;N;
10711;MS 962171-6  4VF/DF  RAV APO;N;
10774;MS 9613334-4  5VF/DF PSS APO;N;
10784;MS 96752-7 3VF/SE ABONO PENI;N;
10791;AO 9615117-2 5VF/DF 28,86% AT;P;
10792;AO 9615117-2 5VF/DF 28,86% AP;P;
10793;AO 946676-7 6VF/GO 28,86% AT;P;
10794;MS 96200264-6 VU/MG 28,86% AP;P;
10795;AO 9520006-6 14VF/DF 28,86% AT;P;
10798;AO 936929-2 3VF/SC 28,86% AT;P;
10799;AO 936929-2 3VF/SC 28,86% AP;P;
10800;MS 9317783-4 8VF/PR 28,86% AT;P;
10801;MS9317783-4 8VF/PR 28,86% AP;P;
10852;MS 964709-0 1VF/AL DEV PSS AP;N;
10853;MS 9331351-7 6VF/CE 28,86% AP;P;
10882;MS 966409-1 6VF/GO PSS 6% AT;N;
11000;MS 9613846-0 19VF/RJ DEV PSS;N;
11001;MS 9615714-6 8VF/DF DEV PSS AP;N;
11006;MS 9616301-4 16VF/DF DEV PSS;N;
11041;MS 964092-3 3VF/PB PSS 6% AT;N;
11078;AO 9615191-1 5VF/DF 28,86% AT;P;
11079;AO 9615191-1 5VF/DF 28,86% AP;P;
11080;AO 952213-3 4VF/AL ANUENIO AT;N;
11114;MS 935908-4 4STF AB.TETO AP;N;
11122;AO 9314540-1 14VF/DF 28,86% AT;P;
11171;RT 901469-01 3CJ/CE PCCS AT;N;
11172;RT 901469-01 3CJ/CE PCCS  AP;N;
11184;AO 9616094-5 5VF/DF 28,86% AT3;P;
11187;MS 965118-6 17VF/DF RAV AT;N;
11188;MS 965118-6 17VF/DF RAV AP;N;
11189;MS 965129-1 4VF/DF RAV AT;N;
11283;AO 946676-7 6VF/GO 28,86% AP;P;
11284;AO 942414-2 3VF/MT 28,86% AP;P;
11347;AO 902329-7 DPF/ATS/APOSENTADO;N;
11363;MS 9614401-0 4VF/DF DEV PSS AP;N;
11560;AO 9410012-4 28VF/RJ 28,86% AT;P;
11594;MS 9621758-0 13VF/MG DEV PSS;N;
11661;MS 958730-8 1VF/GO PSS 6%;N;
11664;MS 9618055-5 8VF/DF DEV PSS;N;
11679;ACP 9610428-0 7VF/RS DEV PSS;N;
11707;MS 9617570-5 16VF/DF DEV PSS;N;
11739;MS 9617736-8 3VF/DF DEV PSS;N;
11772;ACP 966745-7 2VF/RN DEV PSS;N;
11819;MS 9516268-7 17VF/DF PSS 6%;N;
11829;MS 965580-7 1VF/MS PSS 6%;N;
11956;MS 9618580-8 15VF/DF DEV PSS;N;
12008;MS 967655-3 4VF/GO PSS 6% AT;N;
12010;MS 967833-5 4VF/GO PSS 6% AT;N;
12122;MS 9616978-0 1VF/DF DEV PSS_AP;N;
12224;MS 9619666-4 3VF/DF DEV PSS AP;N;
12228;AO 9313143-5 17VF/DF 28,86% AT;P;
12229;AO 9313143-5 17VF/DF 28,86% AP;P;
12230;AO 941450-3 3VF/SC 28,86% AT;P;
12231;AO 941450-3 3VF/SC 28,86% AP;P;
12233;AO 9313143-5 17VF/DF 28,86% AT;P;
12234;AO 9313143-5 17VF/DF 28,86% AP;P;
12235;AC 942880-6 6VF/MS 28,86% AT;P;
12236;AC 942880-6 6VF/MS 28,86% AP;P;
12237;EXEC 938957-9 6VF/GO 28,86% AT;P;
12238;EXEC 938957-9 6VF/GO 28,86% AP;P;
12239;AO 9410093-0 2VF/DF 28,86% AT;P;
12240;AO 9410093-0 2VF/DF 28,86% AP;P;
12258;AO 964627-1 1VF/AL 3,17% AP;N;
12399;AO 9517468-5 14VF/DF 28,86% AT;P;
12400;AO 9517468-5 14VF/DF 28,86% AP;P;
12401;AO 9517783-8 14VF/DF 28,86% AT;P;
12402;AO 9517783-8 14VF/DF 28,86% AP;P;
12404;AO 95731-2 1VF/TO 28,86% AT;P;
12405;AO 95731-2 1VF/TO 28,86% AP;P;
12511;MS 9616031-7 10VF/RJ DEV PSS;N;
12515;MS 9619434-3 6VF/DF DEV PSS;N;
12534;MS 967949-8 4VF/GO PSS 6% AT;N;
12540;MS 9614374-9 4VF/DF DEV PSS;N;
12701;MS 9313773-5 6VF/DF 28,86% AT;P;
12702;MS 9313773-5 6VF/DF 28,86% AP;P;
12707;AO 9312482-0 16VF/DF 28,86% AT;P;
12708;AO 9312482-0 16VF/DF 28,86% AP;P;
12737;AO 9320541-3 11VF/MG 28,86% AT;P;
12738;AO 9320541-3 11VF/MG 28,86% AP;P;
12784;AO 9615188-1 7VF/DF 28,86% AT;P;
12785;AO 9615188-1 7VF/DF 28,86% AP;P;
12786;AO 9515190-3 7VF/DF 28,86% AT;P;
12788;AO 9615203-9 7VF/DF 28,86% AT;P;
12789;AO 9615203-9 7VF/DF 28,86% AP;P;
12790;AO 9615185-7 7VF/DF 28,86% AT;P;
12791;AO 9615185-7 7VF/DF 28,86% AP;P;
12792;AO 9615116-4 7VF/DF 28,86% AT;P;
12793;AO 9615116-4 7VF/DF 28,86% AP;P;
12794;AO 9612328-4 7VF/DF 28,86% AT;P;
12795;AO 9612328-4 7VF/DF 28,86% AP;P;
12796;AO 9612697-6 7VF/DF 28,86% AT;P;
12797;AO 9612697-6 7VF/DF 28,86% AP;P;
12800;MS 94398-6 2VF/MA 28,86% AT;P;
12801;MS 94398-6 2VF/MA 28,86% AP;P;
12806;AO 9615101-6 7VF/DF 28,86% AT;P;
12807;AO 9615101-6 7VF/DF 28,86% AP;P;
12820;AO 9615105-9 7VF/DF 28,86% AT;P;
12821;AO 9615105-9 7VF/DF 28,86% AP;P;
12842;AO 968251-0 18VF/RJ 28,86% AT;P;
12843;AO 968251-0 18VF/RJ 28,86% AP;P;
12847;MS 965999-3 5VF/BA 28,86% AT;P;
12848;MS 965999-3 5VF/BA 28,86% AP;P;
12930;MS 9612291-1 8VF/DF DEV PSS;N;
12982;MS 9511115-2 6VF/DF 28,86% AT;P;
12983;MS 9511115-2 6VF/DF 28,86% AP;P;
13068;MS 963222-0 2VF/PI DEV PSS;N;
13115;MS 967609-0 17VF/DF PSS 6%__AP;N;
13173;AO 9515190-3 7VF/DF 28,86% AP;P;
13174;AO 965968-3 1V/AL 3,17% AT;N;
13175;AO 965968-3 1VF/AL 3,17 AP;N;
13178;MS 966246-3 4VF/MS PSS 6% AT;N;
13179;AO 9410012-4 28VF/RJ 28,86% AP;P;
13474;AO 954478-1 3VF/MA 28,86% AT;P;
13475;AO 954478-1 3VF/MA 28,86% AP;P;
13551;MS 9619226-0 7VF/DF DEV PSS;N;
13609;MS 9616803-2 11VF/RS 6% D PSS;N;
13610;MS 969588-4 2VF/CE COMP SAL AT;N;
13611;MS 969588-4 2VF/CE COMP SAL AP;N;
13708;AO 9615190-3 7VF/DF 28,86% AT;P;
13709;AO 9615190-3 7VF/DF 28,86% AP;P;
13784;3,17%;N;
13785;3,17%;N;
13792;AO 9615133-4 7VF/DF 28,86 AT;P;
13793;AO 9615133-4 7VF/DF 28,86 APO;P;
13815;55% DAS;N;
13865;AC 962953-9 1VF/RO GEL AT;N;
13869;AC 962953-9 1VF/RO AD. INSAL.;N;
13876;AO 9314606-8 17VF/DF 28,86% AP;P;
13877;AO 9314606-8 17VF/DF 28,86% AP;P;
13978;MS 960120428-0 VF/DF 28,86%;P;
13979;MS 960102428-0 VF/DF 28,86;P;
13995;AO9612343-8 5VF/DF 28,86% AT;P;
13996;AO 9612343-8 5VF/DF 28,86% AP;P;
14057;MS 96102425-5 1 VF/DF 28,86%;P;
14086;AO 966273-0 1VF/AL 3,17%;N;
14087;AO 966273-0 1VF/AL 3,17%;N;
14160;ANUENIO;N;
14168;AO 94618-7 6VF/DF 28,86% AT;P;
14169;AO 94618-7 6VF/DF 28,86% AT;P;
14237;MS 9610210-4 6VF/GO PSS 6%;N;
14250;AO 9315962-3 4VF/DF 28,86%;P;
14251;AO 9315962-3 4VF/DF 28,86%;P;
14310;BIENAL;N;
14358;AO 9618174-8 7VF/DF 28,86;P;
14359;AO 9618174-8 7VF/DF 28,86;P;
14413;AO 9633918-0 1VF/CE RAV;N;
14429;AO 961428-0 2VF/AL RATIF.APOS.;N;
14430;AC 962934-2 3VF-RO GRAT LOCAL;N;
14432;AC 962933-4 1VF-RO GRAT LOCAL;N;
14434;MS 961661-7 6VF-DF DEV PSS;N;
14435;MS 9619014-3 5VF/PR ABONO PEC;N;
14480;AO 9314277-1 13VF/DF 28,86%;P;
14481;AO 9314277-1 13VF/DF 28,86%;P;
14482;AO 966302-8 2VF/MS 47,94%;N;
14493;AT 500101562/89 PCCS 5JCJ/PE A;N;
14494;AT 500101562/89 PCCS 5JCJ/PR P;C;
14524;MS 9622214-2 3VF/DF DEV. PSS;N;
14554;MS 9622279-7 1VF/DF DEV. PSS;N;
14562;AO 9310736-0 7VF/DF 28,86%;P;
14563;AO 9310736-0 7VF/DF 28,86% AP;P;
14590;MS 9622501-0 9VF/DF PSS 6%;N;
14658;MS 963817-1 2VF/PB DEV. PSS;N;
14680;MS 9733897-3 7VF/DF AB. TETO;N;
14681;MS 9729953-7 7VF/DF DEV ABTETO;C;
14705;MS 9736180-6 7VF/DF ABATE TETO;N;
14706;MS 9736180-6 7VF/DF ABATE TETO;N;
14736;MS 952092-0 1VF/MA 28,86%;P;
14737;MS 952092-0 1VF/MA 28,86%;P;
14738;MS 952091-2 1VF/MA 28,86%;P;
14739;MS 952091-2 1VF/MA 28,86%;P;
14740;AO 9314227-1 13VF/DF 28,86%;P;
14741;AO 9314227-1 13VF/DF 28,86%;P;
14758;FERIAS 60 DIAS;N;
14802;MS 9732914-1 9VF/DF RAV;N;
14803;MS 9732914-1 9VF/DF RAV;N;
14805;MS 98152-2 2VF/DF RAV;N;
14808;MS 9733429-2 1VF/DF RAV;N;
14881;AO 95956-0 2VF/DF 28,86%;P;
14882;AO 95956-0 2VF/DF 28,86%;P;
14883;AO 968345-2 7VF/DF 28,86%;P;
14884;AO 968345-2 7VF/DF 28,86%;P;
14885;AO 942960-8 1VF/DF 28,86%;P;
14886;AO 942960-8 1VF/DF 28,86%;P;
14887;AO 968777-6 7VF/DF 28,86%;P;
14888;AO 968777-6 7VF/DF 28,86%;P;
14899;AO 947784-0 2VF/DF 28,86%;P;
14900;AO 947784-0 2VF/DF 28,86%;P;
14917;AO 968634-6 4VF/ES 28,86%;P;
14918;AO 968634-6 4VF/ES 28,86%;P;
14931;AO 94639-0 12VF/DF 28,86%;P;
14932;AO 94639-0 12 VF/DF 28,86%;P;
14950;AC 963340-4 3VF/RO GEL.S/REMUN;N;
14954;AC 962933-4 3VF/RO PER.S/REMUN;N;
15001;RT 1068/89-2 2JCJ/SP PCCS AT;N;
15020;DEVOLUCAO PSS ATIVO E APOSENT;N;
15028;AO 942414-2 3VF/MT 28,86%;P;
15036;MS 929-0 STJ/DF 2605;N;
15037;MS 939-0 STJ/DF 2605;N;
15050;AO 973278-7 1VF/CE GOE PRF;N;
15052;AO 973278-7 1VF/CE GOE PRF;N;
15057;MS 9820683-3 8VF/DF RAV;N;
15277;DECISAO JUDICIAL TRAN JUG AT.;N;
15282;AO 924797-1 9VF/RJ - BIENAL;N;
15302;HONORARIOS ADVOCATIVCIOS;N;
15307;DECISAO JUDICIAL TRANS JUG PEN;N;
15311;AO 983420284-2 6VF/DF 28,86%;P;
15424;AO 9526482-0 8VF/RJ 28,86% ATI;P;
15425;AO 9526482-0 8VF/DF 28,86% APP;P;
15441;GDAT GRAT DESEMP ATIV TRIBUTAR;N;
15457;AO 9326058-8 7VF/CE 28,86% AT;P;
15458;AO 9326058-8 7VF/CE 28,86% AP;P;
15460;AO 9330885-8 5VF/CE 28,86% AT;P;
15461;AO 9330885-8 5VFCE 28,86% AP;P;
15463;AO 9510757-0 3VF/CE 28,86% AT;P;
15464;AO 9510757-0 3VF/CE 28,86% AP;P;
15465;AO 9330841-6 1VF/CE 28,86% AT;P;
15466;DECISAO JUDICIAL N TRAN JUG PE;N;
15467;AO 9330841-6 1VF/CE 28,86% AP;P;
15468;AO 97344392-8 1VF/CE 28,86% AT;P;
15469;AO 97344392-8 1VF/CE 28,86% AP;P;
15470;GDAT GRAT DESEMP ATIV TRIBUTAR;N;
15475;RT 01031004/90 3JCJ/SE PCCS;N;
15476;RT 01031004/90 3JCJ/SE PCCS;N;
15488;MS 9928299-1 9VF/DF GDAT APOS;N;
15566;MS 98347079-4 1VF/DF DECIMOS;N;
15582;AO 9612555-4 1VF/RJ 28,86%;P;
15583;AO 9612555-4 1VF/RJ 28,86%;P;
15588;RT 1069/89-5 2JCJ/SP 47,11%;N;
15591;AO 968657-5 2VF/MS 47,94% AT;N;
15592;AO 968657-5 2VF/MS 47,94% AP;N;
15644;AD 967355-4 1VF/MS 47,94%;N;
15672;AO 9626023-5 24VF/RJ 28,86%;P;
15673;AO 9626023-5 24VF/RJ 28,86%;P;
15690;MS 9926435-1 15VF/DF GDAT;N;
15708;AD 966679-5 1VF/MS 47,94;N;
15728;AO 961014-5 1VF/TO 47,94% AT;N;
15751;AO 9312332-7 1VF/DF 28,86%;P;
15752;AO 9312332-7 1VF/DF 28,86%;P;
15758;AO 9512478-5 1VF/DF 28,86%;P;
15761;AO 9610808-0 7VF/DF 28,86%;P;
15762;AO 9610808-0 7VF/DF 28,86%;P;
15763;AO 9524159-5 1VF/RJ 28,86%;P;
15764;AO 9524159-5 1VF/RJ 28,86%;P;
15831;MS 975824-5 3VF/DF FERIAS 60 D;N;
15835;MS 9927443-8 16VF/DF GDAT;N;
15837;MS 9725778-9 2VF/PR AB PECUNIA;N;
15879;MS 9637088-5 3VF/MG ABONO PECU;N;
15880;IMPOSTO DE RENDA JUDICIAL;N;
15906;AO 9914847-3 17VF/DF 317;N;
15907;AO 9914847-3 17VF/DF 317;N;
15910;AO 97345520-1 14VF/DF 317;N;
15937;FC JUDICIAL QUINTOS/DECIMOS AT;N;
15957;AC 963411-7 1VF/RO 3,17%;N;
16003;AO 981001130-0 2VF/RS;N;
16004;DEC.JUDICIAL ABATE TETO-AT;N;
16005;DEC.JUDICIAL ABATE TETO -AP;N;
16011;DEVOLUCAO DECISAO JUDICIAL-AT;N;
16012;DEVOLUCAO DECISAO JUDICIAL-AP;N;
16015;MS 966037-1 2VF/GO PSS 6%;N;
16021;AO 939251-0 3VF/SC 28,86%;P;
16022;AO 939251-0 3VF/SC 28,86%;P;
16023;MS 962688-2 3VF/RO 28,86%;P;
16024;MS 962688-2 3VF/RO 28,86%;P;
16038;AE 20012095-1 4VF/DF 3,17;N;
16078;AO 953925-7 3VF/AL ANUENIO;N;
16135;MS 9939091-7 4VF/DF PSS/AD FER;N;
16171;DECISAO JUDICIAL TRANS JUG APO;N;
16276;HONORARIOS ADVOCATICIOS;N;
16281;MS 9631420-9 13VF/MG PSS;N;
16304;RT 1064/89 2JCJ/GO PCCS;N;
16320;MS 9910893-7 4VF/SC DEV PSS;N;
16330;AO 9814171-5 6VF/RS DEV PAS;N;
16378;MS 4149/DF 3STJ 3,17%;N;
16407;MS 20003054 11VFDF PSS 1/3 FER;N;
16466;MS 9910378-2 4VF/SC DEV PSS 13;N;
16511;MS 9618132-2 14VF/DF RAV;N;
16515;MS 967613-8 16VF/DF RAV;N;
16519;MS 991077-3 8VF/RS PSSGRAT NAT;N;
16527;AO 9512458-0 7VF/DF 28,86;P;
16537;MS 4149/DF 3STJ 3 17;N;
16541;AO 965720-6 1VF/AL 3 17;N;
16630;AO 954120-0 4VF/AL 28,86;P;
16631;AO 954120-0 4VF/AL 28,86;P;
16658;AD 968659-1 3VF/MS ABONO;N;
16667;AO 962335-2 1VF/MA ABONO;N;
16692;AO 9734532-9 5VF/DF 28,86%;P;
16693;AO 9734532-9 5VF/DF 28,86%;P;
16694;AO 966733-3 14VF/DF 28,86%;P;
16695;AO 966733-3 14VF/DF 28,86%;P;
16697;AO 947790-4 6VF/DF 28,86%;P;
16761;MS 20002448 5VFDF DEV.PSS DIAR;N;
16788;MS 20009901-9_16VF/DF PERICUL;N;
16807;MS 9921940-4 17VF/DF 3,17;N;
16842;MS 97416-5 16VF/DF ABONO PEC;N;
16923;RT 298/89 JCJ/UBA/MG PCCS;N;
17001;ALVARA JUDICIAL 28.86%;P;
17086;AO 9619933-5 5VF/DF - 28,86%;P;
17145;PCCS;N;
17216;MS 4146 STJ/DF 3,17;N;
17299;MS 9920231-9 7VF/DF PSS/DAS/FG;N;
17361;IMPOSTO DE RENDA JUD. S/FERIAS;N;
17378;MS 9619515-3 17VF/DF PSS 6%_AT;N;
17400;MS 9611855-8 3VF/GO PSS 6%;N;
17418;AO 9776-1 3VF/MS PSS 6%;N;
17459;AO 964449-0 4VF/AL 3,17% AT;N;
17488;AC 9501878-9 1VF/DF 28,86%;P;
17509;AO 968565-0 3VF/MS ABONO;N;
17513;MS 97325-6 3VF/PB ABONO;N;
17532;AO 200020080-0 4VF/DF GDAT;N;
17560;AO 97344204-6 6VF/DF 28,86 S/R;P;
17561;AO 97344204-6 6VF/DF 28,86 S/R;P;
17647;AO 966396-6 24VF/RJ 28,86%;P;
17648;AO 966396-6 24VF/RJ 28,86%;P;
17660;RT 298/89 JCJ/UBA/MG PCCS;N;
17737;MS 97640-9 9VF/PE ABONO;N;
17761;AD 968564-1 1VF/MS PSS 6%;N;
17826;MS 2000214962 21VFDF PSS/DASFG;N;
17829;MS 200019034-3 21VF/DF_PSS/FC;N;
17925;MS 973618-9 7VF/RJ 28,86%;P;
17926;MS 973618-9 7VF/RJ 28,86;P;
17931;AO 973278-7 1VF/CE GOE PRF AT;N;
17932;AO 973278-7 1VF/CE GOE PRF AP;N;
17972;AO 947787-4_8VF/DF 28,86%;P;
17973;AO 947787-4 8VF/DF 28,86%_APO;P;
17995;MS 972916-6 12JF/SP DEV. PSS;N;
18017;MS 97489-4 3VF/RO PSS 6%;N;
18018;AO 96302414-7 VF/UB 28,86%;P;
18019;AO 96302414-7 VF/UB 28,86%;P;
18022;AO 96302375-2 VF/UB 28,865;P;
18023;AO 96302375-2 VF/UB 28,86%;P;
18027;AO 6281427 9VF/RJ BIENAL;N;
18028;AO 96302389-2 VF/UB 28,86%;P;
18029;AO 96302389-2 VF/UB 28,86%;P;
18032;AO 96302378-7 VF/UB 28,86%;P;
18033;AO 96302378-7 VF/UB 28,86%;P;
18036;AO 97347059-7 6VF/DF 28,86%;P;
18037;AO 97347059-7 6VF/DF 28,86%;P;
18040;AO 97346487-0 6VF/DF 28,86%;P;
18041;AO 97346487-0 6VF/DF 28,865;P;
18042;AO 97345852-5 6VF/DF 28,865;P;
18043;AO 97345852-5 6VF/DF 28,86%;P;
18047;AO 96301319-6 VF/UB 28,86%;P;
18055;MS 973811986-3 PSS 6%;N;
18074;MS 973811984-8 12VF/MG PSS 6%;N;
18082;AO 93 18577-2 8VF/PR ANUENIO;N;
18112;AO 96301347-1 VF/UB 28,86%;P;
18185;AO 96301313-7 VF/UB 28,86%;P;
18217;MS 97310-5 1VF/PA - ABONO PEC;N;
18225;AO 96302357-4 VF/UB 28,86%;P;
18234;AO 96301352-8 VF/UB 28,86%;P;
18254;AO 96302384-1 VF/UB 28,86%;P;
18275;MS 9617620-5 9VF/DF PSS 6%;N;
18306;RT 1500/91 1JCJ/AP 84,32%;N;
18307;MS 97353065-3 2VF/GP 28,86%;P;
18340;MS 971047-3 3VF/SC - PSS 6%;N;
18413;AO 97346566-5 6VF/DF 28,86%;P;
18414;AO 97346566-5 6VF/DF 28,86%;P;
18512;MS 97168-7 2VF/AL ABONO;N;
18514;MS 974540-2 2VF/AL ABONO;N;
18532;AO 951692-3 7VF/DF 28,86%;P;
18533;AO 951692-3 7VF/DF 28,86%;P;
18580;RT 730/90 3JCJ/DF 26,05%;N;
18626;AO 9933275-4 8VF/PR 11,98%;N;
18664;MS 200040829-0 9VF/DF GPS;N;
18752;AO 985706-4 5VF/CE DEV/IR/ABON;N;
18851;AO 954111-1 4VF/AL 28,86;P;
18853;AO 954111-1 4VF/AL 28,86%;P;
18905;MS 973811985-0 2VF/MG - PSS 6%;N;
18925;AO 972334-6 1VF/AL 28,86%;P;
18977;AO 962502-9 5VF/DF - 28,86%;P;
18978;AO 9519930-0 5VF/DF - 28,86%;P;
19002;AO 977267-5 8VF/DF 28,86%;P;
19071;AO 6079865 9VF/RJ GRAT. BIENAL;N;
19081;MS 200041132-6 16VF/DF GPS;N;
19094;MS 200043101-8 20VF/DF PSS/NAT;N;
19095;AO 971458-4 10VF/PE 28,86%;P;
19096;AO 971458-4 10VF/PE 28,86%;P;
19097;AO 9611570-2 10VF/PE 28,86%;P;
19098;AO 9611570-2 10VF/PE 28,86%;P;
19099;AO 97945-9 10VF/PE 28,86%;P;
19100;AO 97945-9 10VF/PE 28,86%;P;
19102;AO 9526600-8 24VF/RJ 28,86%;P;
19105;AO 9526600-8 24VF/RJ 28,86%;P;
19155;MS 973841-6 4VF/SP PSS 6%;N;
19163;MS 97742-1 3VF/MS PSS 6%;N;
19167;MS 975006-0 5VF/DF PSS 6%;N;
19194;GRAT PROD_SUPLEMENTAR JUDICIAL;N;
19196;MS 4151/DF 9538195-8 C3 S 3,17;N;
19197;MS 4151/DF 9538195-8 C3 S 3,17;N;
19200;MS 9921558-4 5VF/DF PSS/FC/DAS;N;
19201;AO 973415223-6 1VF/DF 3,17%;N;
19202;AO 973415223-6 1VF/DF 3,17%;N;
19211;MS 20009115-2 2VF/SC PSS/GRAT;N;
19225;MS 200038096-8 20VF/DF PSS/FER;N;
19241;RT 1979/92-03 3JCJ/RO 84,32%;C;
19281;RT 1064/89 1JCJ/GO PCCS;N;
19418;MS 200013548-0 8VF/DF PRO-LAB;N;
19441;MS 97837-1 JF/AL ABONO;N;
19540;MS 971860-9 2VF/PA PSS 6%;N;
19545;RT 1545/88 5VF/DF LEI 7600/87;N;
19547;MS 97354965-1 6VF/GO 28,86%;P;
19548;AO 966293-5 6VF/GO 28,86%;P;
19559;AO 49976-89 16VF/SP BIENAL;N;
19564;AO 9720233-0 1VF/RJ GOE;N;
19650;MS 97811-8 3VF/PI PSS 6%;N;
19657;MS 972175-0 1VF/PR PSS 6%;N;
19795;ACAO JUDICIAL 28,86PERC. INFOR;P;
19798;AO 965718-4 2VF/AL 3,17%;N;
19803;AO 9710602-0 2VF/RN 3,17%;N;
19900;MS 9617564-0 4VF/DF - PSS 6%;N;
19972;AO 9711162-0 16VF/DF ABO PEC;N;
19994;28,86% DECISAO JUDICIAL;P;
19994;28,86% DECISAO JUDICIAL;C;
19995;28,86% DECISAO JUDICIAL;P;
20028;DEC. JUD. PAGTO.VARIVEL IS/IR;N;
30000;RSPP - PREVIDENCIA;N;
30015;FEDERAL SEGUROS - SEGURO;N;
30030;SIND.SERV.PUB.FED/DF-MENSALID.;N;
30035;CAPEMI - PREVIDENCIA;N;
30037;CAPEMI - EMPRESTIMO;N;
30065;ANPPREV - MENSALIDADE;N;
30077;COMPREV-PREVIDENCIA;N;
30078;COMPREV-EMPRESTIMO;N;
30081;SUL AMERICA - SEGURO DE VIDA;N;
30096;SINTSEP/GO - MENSALIDADE;N;
30097;ASSURE - SEGURO DE VIDA;N;
30100;UNACON - MENSALIDADE;N;
30109;MBM - EMPRESTIMO;N;
30121;GOLDEN CROSS - PLANO DE SAUDE;N;
30165;SINPEF/PR - MENSALIDADE;N;
30166;SINPEF/PE - MENSALIDADE;N;
30167;SINPOF/CE - MENSALIDADE;N;
30170;SINPEF/RS - MENSALIDADE;N;
30171;SINPEF/PB - MENSALIDADE;N;
30178;SINDFAZ-PR/SC - MENSALIDADE;N;
30185;SINDPREVS/RN - MENSALIDADE;N;
30186;SINDPREVS/SC - MENSALIDADE;N;
30187;SINDPREV/ES - MENSALIDADE;N;
30189;SINSPREV/SP - MENSALIDADE;N;
30191;SINDISPREV RS- MENSALIDADE;N;
30196;SINDSEP/AL - MENSALIDADE;N;
30197;SIND.SERV.PUB.FED/ES-MENSALID.;N;
30201;SIND.SERV.PUB.FED/MA-MENSALID.;N;
30214;SINFISPAR - MENSALIDADE;N;
30218;SINATEFIC - MENSALIDADE;N;
30220;SINTRAFESC - MENSALIDADE;N;
30227;ASCB - MENSALIDADE;N;
30240;APRESUL - SEGURO DE VIDA;N;
30246;ASSEFAZ - MENSALIDADE;N;
30247;ASSEFAZ - PLANO DE SAUDE;N;
30255;UPRB - MENSALIDADE;N;
30276;ASDIN - MENSALIDADE;N;
30286;AAFIT-MG- MENSALIDADE;N;
30303;ASSECAS - MENSALIDADE;N;
30311;UNAFISCO/MG - SEGURO DE VIDA;N;
30324;ANFIP - MENSALIDADE;N;
30328;ANASA/DPF - MENSALIDADE;N;
30338;SINPRF/MT - MENSALIDADE;N;
30341;SINDFISP/SC - MENSALIDADE;N;
30351;GBOEX - PREVIDENCIA;N;
30353;ASPS - MENSALIDADE;N;
30370;ANSA - MENSALIDADE;N;
30459;FENAPRF - MENSALIDADE;N;
30465;ASIBAMA/DF - MENSALIDADE;N;
30495;SINPRF/RS - MENSALIDADE;N;
30503;ANASPS - MENSALIDADE;N;
30513;ASSELBA - MENSALIDADE;N;
30519;PREVICLUBE - MENSALIDADE;N;
30548;P.A.S - PLANO DE SAUDE;N;
30560;SINTSEP/SE - MENSALIDADE;N;
30562;SINPRF/BA - MENSALIDADE;N;
30565;SINPRF/SE - MENSALIDADE;N;
30566;SINPRF/SC - MENSALIDADE;N;
30571;SINDIFISCO NACIONAL-MENSALIDAD;N;
30609;SINPRF/RO-AC - MENSALIDADE;N;
30628;UNASTTEN - MENSALIDADE;N;
30639;FASSINCRA - PLANO DE SAUDE;N;
30657;GEAP PLANO SAUDE - MENSALIDADE;N;
30674;ASSEFAZ - SEGURO DE VIDA;N;
30682;ASPP - MENSALIDADE;N;
30734;AFITRA - MENSALIDADE;N;
30737;SINDPREV/BA - MENSALIDADE;N;
30773;UNAFISCO NAC. - SEGURO MINAS;N;
30774;UNAFISCO SINDICAL _ SAUDE;N;
30819;ASSEREF/MG - MENSALIDADE;N;
30830;ANSEF/DPF - MENSALIDADE;N;
30831;ANSEF/DPF - PLANO SAUDE;N;
30848;FENAPEF - MENSALIDADE;N;
30978;SINPEF/PA - MENSALIDADE;N;
31000;GEAP - PLANO SAUDE - PARTIC.;N;
31001;SINDIRECEITA - MENSALIDADE;N;
31023;SIND.POLICIAL FED.-MENSALIDADE;N;
31151;SINPRF/GO - MENSALIDADE;N;
31191;CENASP - MENSALIDADE;N;
31234;APRFRS - MENSALIDADE;N;
31243;SINDIRECEITA - SEGURO DE VIDA;N;
31244;SINDIPOL/BA - MENSALIDADE;N;
31265;SINTUFSC - MENSALIDADE;N;
31312;SINPEF/MS - MENSALIDADE;N;
31349;APAIMA - MENSALIDADE;N;
31360;SINDECON - MENSALIDADE;N;
31381;SINDIPOL/DF - MENSALIDADE;N;
31432;CREDFAZ - MENSALIDADE;N;
31433;CREDFAZ - EMPRESTIMO;N;
31474;CEF - EMPRESTIMO;N;
31475;UNARECEITA -MENSALIDADE;N;
31595;SINPRF-TO;N;
31625;SINDPOLF/SP - MENSALIDADE;N;
31634;COOPEFES-MENSALIDADE;N;
31679;COOPERPLAM-MENSALIDADE;N;
31708;SINFER- MENSALIDADE;N;
32673;AMIL PER CAPITA PATROCINADOR;N;
32686;ASSEFAZ-PER CAPITA PATROC;N;
60025;DSS/AMN-BOLSA DE ESTUDO;N;
60030;DSS/AMN-SEG VIDA BASICO;N;
60031;DSS/AMN-SEG OPCIONAL;N;
60035;MB-DASM E F CNAO;N;
60036;MB - DESCONTO INTERNO DENNAT;N;
60209;MB-COPIMED-COM2DN (82000);N;
60210;MB-COPIMED-DEPNAVSA  (82802);N;
60243;DSS/AMN-ASSISTENCIA POSTUMA;N;
60252;MB-COPIMED-SAMA (75000);N;
60264;MB-COPIMED-IPQM (47000);N;
60333;MB-COMCOMREC;N;
60397;DSS/AMN-SEG VIDA UNICO;N;
62031;AER-TAXA SERVICOS PUBLICOS;N;
62033;AER-SEGURO DE VIDA;N;
62035;AER-REEMBOLSAVEL;N;
62119;AER-COMARA;N;
70001;CAPEMI;N;
70002;ASSOC.SERV.CIV.DO BRASIL-ASCB;N;
70007;REFER CONTRIBUICAO 13.SALARIO;N;
70019;ASSEV;N;
70021;ASDNER;N;
70073;EMPRESTIMO - COIFA;N;
70081;NUCLEOS SAUDE;N;
70082;GREMIO FERROVIARIO;N;
70083;GNPP EMPRESTIMO;N;
70095;GREDEN MENSALIDADE;N;
70099;ADMINISTRADORA E PREST DE SERV;N;
70101;CENTRO BENF.FAMIL.SERV.PUBLIC.;N;
70103;SOC.BEN.MAQ DA EFCB;N;
70108;MONTEPIO;N;
70115;RECIPROCA ASSISTENCIA;N;
70117;SIND.SERV.PUBL. - SINDSEP;N;
70119;FUNDO ESP NUCLEOS;N;
70121;CONTRIBUICAO ASSIST SINDICATOS;N;
70130;SIMEPA;N;
70153;UTI - VIDA;N;
70155;MENSALIDADE SIND.RADIALISTA-RJ;N;
70156;CONTRIBUICAO CONFEDERATIVA;N;
70160;NUCLEOS S/SALARIO;N;
70162;SUL AMERICA - CIA-NAC.SEG.VIDA;N;
70163;VALE TRANSPORTE;N;
70173;FORNECIMENTO DE REFEICOES;N;
70179;TAXA ASSISTENCIAL;N;
70202;TELEFONEMAS/TELEX;N;
70333;FSFSS - DIVERSOS;N;
70350;EMPRESTIMO EMERGENCIA FUNDACAO;N;
70360;DEVOLUCAO DE PREV. SOCIAL;N;
70395;RESTAURANTE - TICKET;N;
70430;DEVOLUCOES DIVERSAS;N;
70431;ASSERGE - CONVENIO;N;
70435;PARTICIPACAO AUX.ALIMENTACAO;N;
70436;ASSISTENCIA MEDICA;N;
70439;PROGRAMA - PAT;N;
70440;LIQUIDO DE DIARIAS;N;
70463;TAXA DE OCUPACAO;N;
70490;CUSTEIO - FASSINCRA;N;
70507;SEG/PART/CONAB;N;
70528;CIBRIUS JOIA;N;
70533;EMPRESTIMO NORMAL;N;
70536;ASSEFAZ - BENEFICIOS;N;
70537;ASSIST.MEDICA - ASSEFAZ;N;
70539;SEGURO - ASSEFAZ;N;
70540;ASSEFAZ - CONVENIO SOCIAL;N;
70549;ASSEFAZ - PELOTAS;N;
70554;ASSEFAZ - SP;N;
70555;ASSEFAZ - CLUBE DOS EXECUTIVOS;N;
70563;UNIAO NAC.TEC.TES.NACIONAL;N;
70611;EMPRESTIMOS SAUDE - SERPROS;N;
70615;SIND.TRAB.COM.DER.PETROLEO CLT;N;
70622;SEGURO VIDA ASES ESPECIAL;N;
70686;SIND SECRETARIAS MG;N;
70703;FINANC. HIPOTECARIO - SERPROS;N;
70704;SINDICATOS DOS ENGENHEIROS;N;
70706;TRC SEGUROS;N;
70719;PARTICIPACAO ODONTOLOGIA;N;
70736;ASSEFAZ - MS;N;
70772;SEGURO - SEG.VIDA GRUPO-COSESP;N;
70818;REFEICAO/ALIMENTACAO;N;
70826;MENSALIDADE - PROG.PRE-ESCOLAR;N;
70850;ADPF;N;
70851;SEGURO - SEG.COLETIVO-ADPF;N;
70870;ASSOC.FISCAIS TRABALHO;N;
70878;MENSALIDADE-ASSOC.FERROV.BAHIA;N;
71000;AUXILIO ALIMENTACAO;N;
71001;AUXILIO CRECHE;N;
71144;CONTR.INST.PREVIDENCIA PRIVADA;N;
71148;UNIAO DOS PREV DO BRASIL;N;
71155;SINDPREV;F;
71157;PARTICIPACAO - GEAP;N;
71162;PECULIO - FACULT PART;N;
71163;PECULIO - FACULT CO/PART;N;
71167;SEGURO - VERA CRUZ SEGURADORA;N;
71182;ASSOC.PROCURADORES;N;
71203;PLANO DIRETOR DE SAUDE;N;
71211;TAXA OCUPACAO IMOBIL. CODEVASF;N;
71276;CLUBE DO EXERCITO-MENSALIDADE;N;
71279;SIND.SERV.PUBL.FEDERAL;N;
71291;SINDSERF - RS;N;
71313;SINATEFIC - CONTRIBUICAO;N;
71314;FUND. PREV. PRIVADA - FIPECQ;N;
71681;UNACON;N;
71742;ASBAC;N;
71747;CONTRIBUICAO - ASDIN;N;
71748;CONVENIO - ASDIN;N;
71754;PREFEITURA HABITACIONAL -MAER.;N;
71771;PART. VALE REFEICAO;N;
71773;HFA-PROPRIO NAC. RESIDENCIAL;N;
71793;MENSALIDADE - COSINCRA;N;
71864;RESSARCIMENTO DESPESA MEDICA;N;
71865;FEDERAL MASTER;N;
71898;ASSOC.PREVID.SERVID.PUBLICOS;N;
71917;BENEFICIO SEGURO - CVM;N;
71949;ASPEB;N;
71979;EMPRESTIMO - FIPECQ;N;
71983;RESTAURANTE - 1;N;
71990;ASSOC.FUNC.IPEA AFI;N;
71992;SIND.SERV.PUBLICOS DO ESTADO;N;
72106;ASSOC.SERV.DO SINPAS;N;
72107;ASSOC.PROCURADOR LBA/PRONALBA;N;
72111;ASSOC.SERV. - LBA/MENSAL.;N;
72114;CENTRO BENF.FAMIL.S.PUBL./SEG.;N;
72124;SINATEFIC;N;
72203;DESCONTO CUSTAS JUDICIAIS;N;
72241;RESTAURANTE - VALE REFEICAO;N;
72339;ASSOC.ASSIST.PASTORAL ORACAO;N;
72349;SEGURO - BAMERINDUS;N;
72362;SEGURO - PREVISUL;N;
72399;RESTAURANTE - TICKET/INSS;N;
72437;ASSOC.PESQUISADORES CIENC.HUM.;N;
72456;ASSOC.BRAS.ASSIST.TURISMO;N;
72457;ASSOC.BRAS.AS.TURISMO-CONVENIO;N;
72475;SIND.POLICIAIS FEDERAIS;N;
72502;SUPERMERCADO - FUNARBE;N;
72507;ASSISTENCIA GEAP;N;
72553;SINDIFISP;N;
72554;ASSOC.FISCAIS PREVIDENCIA;N;
72556;ASSOC.NAC.FISCAIS PREVIDENCIA;N;
72557;ASSOC.PREVIDENCIARIOS;N;
72562;CIRGS;N;
72569;ASSOC.SERV.ESTADO DE SAO PAULO;N;
72572;CISP;N;
72615;ASSOC.INSPET PATRUL RODOV FED;N;
72646;ASSEPAI/VERA CRUZ;N;
72653;ASSOC.TEC.TES.NAC.CONVENIOS;N;
72685;CLUBE DO PATRULHEIRO;N;
72696;ASSEFAZ - PLUS III;N;
72745;SAADIF;N;
72748;ABASEB;N;
72749;ASSINPS - RO;N;
72754;SINTSPREV - MG;N;
72837;TAXA DE OCUPACAO;N;
72838;TAXA DE MANUTENCAO;N;
72861;AMB - PLANO DE CONTRIBUICAO;N;
72950;CENT.INT.SERV.PUB.CIV.BR.MENS;N;
73005;SIND.POLICIAIS RODOV. FEDERAL;N;
73033;MENSALIDADE - SINDTTEN;N;
73034;SEGURO - SINDTTEN;N;
73072;SOMA-BRASIL SOC.MUT.ASS.TRAB.;N;
73078;ASSOC.NAC.SERV.PREV.;N;
73080;PLANO DE SAUDE;N;
73104;TICKET ALIMENTACAO;N;
73140;EMPRESTIMO - ASSOC.BRAS.SERV.;N;
73150;ABASB - SEGURO;N;
73151;EMPRESTIMO - ABASB;N;
73153;ASSOC.NAC.PROCURAD.PREV.SOCIAL;N;
73242;ASALAF - MA;N;
73245;VALE ALIMENTACAO/REFEICAO;N;
73252;CISB - BENEFICIO;N;
73316;CONVENIO - ASSISTENCIA GEAP;N;
73345;ASSOC.BRAS.PENS.SERV.-ABRASPEG;N;
73359;REFEICAO/ALIMENTACAO;N;
73397;PARTICIP. ASSISTENCIA A SAUDE;N;
73437;BANCO DO BRASIL - FINANCEIRA;N;
73460;COTA-PARTE PRE-ESCOLAR;N;
73565;SINTFAMA/MT;N;
73580;COTA PARTE PRE-ESCOLAR;N;
76078;ASSOC.SERV.MIN.SAUDE - ASMISA;N;
79002;INDENIZ.A FAZENDA NACIONAL;N;
79003;IND.FAZ.NACIONAL-TRIB.IR/FGTS;N;
79005;IND.FAZ.NACIONAL-TRIB.IR/IAPAS;N;
79008;RESTITUICAO - REC.TES.NACIONAL;N;
80001;FALTAS - EST;N;
80013;FALTAS/ATRASOS ADIC.TEMPO SERV;N;
80049;FALTAS/RETRIBUICAO BASICA;N;
80050;FALTAS/DIFERENCA INDIVIDUAL;N;
80053;FALTAS/ATRASOS S/ADICIONAIS;N;
80240;FALTAS/RET.ADIC.VARIAVEL/RAV;N;
80591;FALTAS/ATRASOS/GAE;N;
80646;FALTAS GRATIF.TEMPORARIA;N;
81001;ATRASOS - EST;N;
81013;ATRASOS/GRAT.ADIC.TEMP.SERVICO;N;
81024;ATRASOS/SUBSTITUICAO;N;
81050;ATRASOS/DIFERENCA INDIVIDUAL;N;
81067;ATRASOS/GRAT.DE PERICULOSIDADE;N;
81078;ATRASOS/PARC.INC.LEI N.6732/79;N;
81195;ATR.IND.HAB.POLIC.FEDER./ATIVO;N;
82001;SOLDO;N;
82010;AUXILIO FARDAMENTO;N;
82011;ETAPA ALIMENTACAO;N;
82051;GID-GRAT.INC.DOCENCIA-MP2020;C;
82052;GID-GRAT.INC.DOC.L.10405/02-AP;N;
82057;FALTAS/PARALISACAO/GREVE;N;
82061;GDCVM-GRAT.DES.AT.AUD.VAL.MOB.;N;
82063;GDACT-GRAT.DES.AT.CIEN.E TECN.;N;
82065;GRAT.DES.DE ATIVIDADE JURIDICA;N;
82066;VANT.PES. 2 ART.54/MP2048-26AP;C;
82067;VAN.PES.?2}ART.54/MP2048-26PEN;C;
82068;VANT.PES.ART.58 MP2048-26/00AT;N;
82069;GCG-GRAT.DES.ATIV.C.GESTAO AT;N;
82070;CARGO COMISS.DE DIRECAO-L9986;F;
82071;CARGO COMISS.GEREN.EXEC.-L9986;N;
82074;CARGO COMISS. TECNICO - L9986;N;
82079;TIT.APERF./ESPEC.ART24 MP2048;N;
82082;GRAT.DE OPERACOES ESPECIAIS-AT;C;
82083;GRAT.DE OPERACOES ESPECIAIS-AP;C;
82085;ACERTO ADICIONAL NOTURNO;N;
82087;FCT - FUNCAO COMIS. TECNICA;N;
82096;PASSIVO ADIC.TEMP.SERV./AT;N;
82097;PASSIVO ADIC.TEMP.SERV./AP;N;
82098;PASSIVO ADIC.TEMP.SERV./PENS;N;
82101;GRAT.DESEM.ATIV.TEC-GDAE / AT;C;
82102;GRAT.DESEM.ATIV.TEC-GDAE / AP;C;
82103;VANT.PES.ART63MP2150-39IFES/AP;N;
82104;VANT.PES.ART63MP2150-IFES/AT;C;
82106;VPNI ART.62-A LEI 8112/90 - AT;N;
82107;VPNI ART.62-A LEI 8112/90 - AP;N;
82109;GRAT.DES.ATIV.RODOV. - GDAR/AP;C;
82111;VANT.PES.ART59 2 MP2229-43;N;
82114;VANT.PES.ART 2 L10302 IFE/APO;C;
82115;GDATA - LEI 10404/02 AT;N;
82116;GDATA-COMPL.LEI 10432 ART 2;N;
82118;GDATA - LEI 10404/02 AP;N;
82120;VPNI QUINTOS/DEC. OUT.PODERES;N;
82121;VPNI QUINTOS/DEC. OUT.PODERES;N;
82125;GDAP-GRAT.DS.AT.PREV.L10355 AT;N;
82126;GDAP-GRAT.DS.AT.PREV.L10355 AP;N;
82128;ADICIONAL POSTO OU GRADUACAO;N;
82133;ADIC.TEMPO DE SERVICO - CBM/PM;N;
82134;ADIC.OPERACOES MILITARES;N;
82135;AUXILIO MORADIA L.10486/02 AT;N;
82143;GDAPA-GRAT.DES.AT.PERITO F.AGR;N;
82145;GEPRA-GRAT.ESP.PERITO FED.AGR.;N;
82153;GDATFA-GRAT.DES.AT.TEC.FIS.AGR;N;
82154;GDAA- GRAT.DES.AT.APOIO TEC.AD;N;
82156;VPNI -  ART.6  MP 43/2002  AT;C;
82157;VPNI -  ART.6  MP 43/2002  AP;C;
82158;VPNI-ART.7   2  MP 43/2002  AT;C;
82160;GDASST-GRAT.DES.SEG.SOC.TB.AT;N;
82161;GDASST-GRAT.DES.SEG.SOC.TB. AP;N;
82163;VPNI ART.7   UNIC L.10483/02AP;C;
82164;VPNI ART.10 L.10.483/02;N;
82174;VANTAGEM ADMINIST. 3,17% - AT;N;
82175;VANTAGEM ADMINIST 3,17% APOS;N;
82176;VANTAGEM ADMINIST 3,17% PENS;N;
82178;GRAT.DES.AT.AUD.VAL.MOB.GDCVM;C;
82183;GCG-GRAT.DES.ATIV.C.GESTAO AP;C;
82184;GRATIFICACAO DE NATAL - RMI;N;
82186;GRATIFICACAO DE NATAL-PENS.MIL;N;
82195;REMUNERACAO COMPENSATORIA;N;
82196;INDENIZACAO ANIST.ART.8 - ADCT;N;
82199;VPNI ? 3} ART.17 L.10593/02 AT;N;
82200;VPNI   3  ART.17 L.10593/02-AP;N;
82203;GDATA-COMPL.MP26/02ART.3 UNICO;N;
82219;GRATIFICACAO DE REPRES.MILITAR;N;
82229;VANT.PEC.INDIVIDUAL-L.10698/03;C;
82230;VANT.PEC.INDIVIDUAL-L.10698/03;C;
82235;ADICIONAL CERT. PROFISSIONAL;N;
82240;ABONO ESP.28.86% ATIVO;P;
82264;FERIAS - ADICIONAL 1/3-MILITAR;N;
82268;VPNI - ART. 7. DA LEI 10769/03;N;
82272;SERV.EVENT.PES.TEC.LEI 8745/93;N;
82273;ABONO DE PERMANENCIA EC 41/03;N;
82274;GRAT.TEMPORARIA MP 160/2003-AT;N;
82275;GRAT.TEMPORARIA MP 160/2003-AP;N;
82277;GRAT. NATALICIA-AT L.3279/03;N;
82278;GRATIFICACAO DE NATAL - RMI;N;
82279;GRAT. NATALICIA-AT L.3279/03;N;
82282;ABATE TETO (CF ART 37) PENSION;N;
82283;GCEF-GRAT COND ESP FUN MILITAR;N;
82286;GDASS - LEI 10855/2004 AT;N;
82288;GDASS - LEI 10855/2004 AP;N;
82289;VPNI - LEI 10855/2004;N;
82290;VPNI - LEI 10855/2004;N;
82295;GRAT. NATALICIA-PENS L.3279/03;N;
82306;AUX. FUNERAL-PESSOAL MILITAR;N;
82312;GESST-GRAT ESP SEG SOC/TRAB AT;N;
82313;GESST-GRAT ESP SEG SOC/TRAB AP;N;
82314;GESS-GRAT.ESP.DO SEG.SOCIAL/AT;N;
82315;GESS-GRAT.ESP.DO SEG.SOCIAL/AP;N;
82316;GEAT - AT;N;
82317;GEAT - AP;N;
82318;GEAD-GRAT.ESP.AT.DOC.ENS.FUND.;C;
82319;GEAD-GRAT.ESP.AT.DOC.ENS.FUND;N;
82322;GEATA-GRAT.E.AP.TEC.ADM/AGU AT;N;
82324;GAT-GRAT.AT.TRIB. LEI 11356/06;N;
82325;GAT-GRAT.AT.TRIB. LEI 11356/06;N;
82326;GIFA-GRAT.INC.FISC/ARRECADACAO;N;
82327;GDAJ - GRAT.DES.ATIV.JURIDICA;N;
82331;GIFA-GRAT.INC.FISC/ARREC - AP;N;
82332;ACERTOS EXONERACAO DE FUNCAO;N;
82334;VPNI ART.29 LEI 11.094/2005-AP;C;
82339;GEAPF - ART.5 MP 212/04-AT;N;
82340;GEAPF - ART.5 MP 212/04-AP;N;
82346;GDARA - ART. 15 MP 216/04 AT;N;
82347;GDARA - ART. 15 MP 216/04 AP;N;
82350;GEPDIN-ART.32 LEI 11.090/05 AT;N;
82351;GEPDIN-ART.32 LEI 11.090/05 AP;N;
82352;VPNI - ART. 36 MP 216/04;N;
82353;VPNI - ART. 36 MP 216/04;N;
82356;AUX.NATALIDADE EXERC.ANTERIOR;N;
82360;GIAPU - ART. 21 MP 212/04/AT;N;
82374;VENC.BAS.COMP.ART.15 L11091/05;C;
82375;VENC.BAS.COMP.ART.15 L11091/05;N;
82379;ABONO PERMANENCIA EXERC.ANT.AT;N;
82382;ABONO PERMANENCIA EXERC.ANT.AP;N;
82384;ADIANT GRAT NATALINA ANS 37;N;
82386;VPE - ART.1 LEI 11.134/2005 AT;N;
82388;GDAEM-GR.DES.AT.ESP.AMBIENTAL;N;
82389;GDAEM-GR.DES.AT.ESP.AMBIENT AP;N;
82391;GDAMB-GR.DES.AT.TEC.ADM.M.A.AP;N;
82396;INDENIZACAO DE MORADIA;N;
82409;GRATIFICACAO NATALINA CDT;N;
82437;GDATR - LEI 11.292/2006 AT;N;
82442;GEAC-GRAT.ATIV.CULT.L11233-AP;N;
82443;GIAPU - ART. 21 MP 212/04/AP;N;
82447;FERIAS - ABONO PERMAN EC41/03;N;
82455;GDASUS -  LEI 11.344/2006 - AT;N;
82457;GDASUS - LEI 11.344 AP;N;
82462;INCENTIVO QUALIFIC.D.5824/2006;C;
82463;INCENTIVO QUALIFIC.D.5824/2006;N;
82464;GSISTE - MP 302/2006 ART. 15;N;
82467;GQDI - LEI 11.355/06,ART.61 AT;N;
82468;GQDI - LEI 11.355/06,ART.61 AP;N;
82471;GDPGTAS -LEI 11.357/06, ART 7;N;
82472;GDPGTAS-LEI 11.357/06, ART 7;N;
82476;GDATEM-LEI 11355/06 ART.122 AT;N;
82477;GDATEM-LEI 11355/06 ART.122 AP;N;
82479;GEDET-LEI 11.357/06, ART.21 AP;N;
82483;SUBSIDIO AT;N;
82484;SUBSIDIO AP;N;
82485;FUNCAO COMISSIONADA INSS;N;
82486;PARCELA COMPL.SUBSIDIO AT;N;
82487;PARCELA COMPL.SUBSIDIO AP;N;
82497;ADIC.TITULACAO LEI 11355/06 AT;N;
82500;GTEMA-ART. 17 LEI 11.357/06 AP;N;
82502;VPNI-ART.14  4 ,LEI 11357/06;C;
82505;PASSIVO - ART. 120, MP 301/06;N;
82513;RETROATIVO ANIST. ADCT - MP300;N;
82524;PROGRAMA INCENTIVO EDUCACIONAL;N;
82525;ABONO PERMAN EC 41/03 GRAT.NAT;N;
82526;PROVENTOS - EC N  41/2003;C;
82527;DPNI- 4 ,ART.5 , LEI 11.490/07;N;
82528;DPNI- 4 , ART.5 ,LEI 11.490/07;N;
82529;PASS P.1  ART.68 L 11357/06 AP;N;
82536;FERIAS INDENIZACAO ADIC 1/3;N;
82544;ADIANT. GRAT. NATALINA ANS37;N;
82545;GRATIFICACAO NATALINA ANS37;N;
82553;BOLSA DE ESTAGIO;N;
82555;RESSARCIMENTO DE MENSALIDADE;N;
82558;ADIC.POR SERV.EXTRAORD.NOTURNO;C;
82565;GDAC - MP 431/2008 AP;N;
82566;GTEMPPF - MP 431/2008 AT;N;
82568;GDATPF - MP 431/2008 AT;N;
82569;GDATPF - MP 431/2008 AP;N;
82570;GTERDA - MP 431/2008 AT;N;
82572;GDPST - LEI 11.784/2008 AT;N;
82573;GTNSPST - MP 431/2008 AT;N;
82577;GACEN - MP 431/2008 AT;N;
82583;GTMS - MP 431/2008 AT;N;
82585;GDAHFA - MP 431/2008 APO;N;
82588;GEAAC - MP 431/2008 AP;N;
82589;GTEMPPF - MP 431/2008 APO;N;
82591;GTERDA - MP 431/2008 APO;N;
82592;GTEPFA - MP 431/2008 APO;N;
82593;GTNSPST - MP 431/2008 APO;N;
82597;GDPST - LEI 11.784/2008 AP;N;
82599;GTMS - MP 431/2008 APO;N;
82600;VPNI-IRRED.REM.ART.37-XV CF/AT;N;
82601;VPNI-IRRED.REM.ART.37-XV CF/AP;N;
82604;GEDBT-GRAT.ESP.AT.DOC.ENS.TECN;C;
82605;GEDBT-GRAT.ESP.AT.DOC.ENS.TECN;N;
82606;RT - RETRIB. POR TITULACAO AT;N;
82607;RT - RETRIB. POR TITULACAO AP;C;
82608;GEDBF-GRAT.ESP.AT.DOC.ENS.BF;N;
82609;GEDBF-GRAT.ESP.AT.DOC.ENS.BF;N;
82610;GEBEXT-GRAT.ESP.AT.DOC.EX.TER;N;
82611;GEBEXT-GRAT.ESP.AT.DOC.EX.TER;N;
82613;GEP-GRAT ESP.PREVIDENCIARIA AP;N;
82625;VPNI- 1 ART.22 LEI 11233/05 AP;N;
82630;GQ - GRAT.DE QUALIFICACAO AT;N;
82631;GQ - GRAT.DE QUALIFICACAO AP;N;
82637;GDAPEC-DNIT MP 441/2008 AP;N;
82640;GDATUR - MP 441/2008 AT;N;
82641;GDATUR - MP 441/2008 AP;N;
82644;GDPFNDE - MP 441/2008 AT;N;
82654;GAEG - MP 441/2008;N;
82662;GDAIPEA - MP 440/2008 AT;N;
82663;GDAIPEA - MP 440/2008 AP;N;
82668;VPNI - MP 440/2008 AT;N;
82669;VPNI - MP 440/2008 AP;N;
82678;GDAA-AGU MP 441/2008 AT;N;
82680;GTAGU - MP 441/2005 AT;N;
82682;GDAFAZ - MP 441/2008 AT;N;
82683;GDAFAZ - MP 441/2008 AP;N;
82686;GTANI - MP 441/2008 AT;N;
82687;GTANI - MP 441/2008 AP;N;
82695;AUXILIO TRANSPORTE ESTAGIARIO;N;
82701;GDPGPE - LEI 11.784/2008 AT;N;
82702;GDPGPE - LEI 11.784/2008 AP;N;
82703;GEAAPGPE - LEI 11.784/2008 AT;N;
82704;GEAAPGPE - LEI 11.784/2008 AP;N;
82707;GEMAS - LEI 11.784/2008 AT;N;
82708;GEMAS - LEI 11.784/2008 AP;N;
82709;GEAAPST - LEI 11.784/2008 AT;N;
82710;GEAAPST - LEI 11.784/2008 AP;N;
82736;FCDNPM-FUNC. COMISSIONADA DNPM;N;
82737;PER CAPITA - SAUDE SUPLEMENTAR;N;
82740;GDAPREVIC - LEI 12.154/2009 AT;N;
82746;GDACE-GRAT.DES.CARGO ESPEC. AT;N;
82747;GDACE-GRAT.DES.CARGO ESPEC. AP;N;
82748;APME-ADIC.PART.MISSAO EXT. AT;N;
82749;APME-ADIC.PART.MISSAO EXT. AP;N;
82775;VPNI-INSALUBRIDADE MP 568/2012;N;
82776;VPNI-PERICULOSIDADE MP 568/12;N;
82777;VPNI-GRAT.RAIO X MP 568/12;N;
82781;GECEPLAC-GRATIF. CEPLAC AT;N;
82799;GDM-PST - MP 568/2012 AT;N;
82800;GDM-PST - MP 568/2012 AP;N;
82839;ABATE TETO (CF ART 37) ANS/NES;N;
82848;AUXILIO ALIMENTACAO CDT;N;
82863;INDENIZACAO LOCAL.ESTRATEGICAS;N;
82875;FUNCAO COMIS GRANDES EVENTOS;N;
82884;AUXILIO MORADIA;N;
82885;GRAT.CURSO/CONCURSO-EXER ANTER;N;
82886;EXERC. ANTERIOR AUX. MORADIA;N;
82887;INDENIZ.TRANSP.EXERC ANTERIOR;N;
82888;AUX.ALIMENTACAO EXERC.ANTERIOR;N;
82890;EXERC. ANTERIOR AUX.TRANSPORTE;N;
82891;EXERC. ANTERIOR  ASSIS.PRE-ES;N;
82892;PER CAPITA EXERCICIO ANTERIOR;N;
82897;DIFERENCA INDIVIDUAL L.12998;N;
82898;DIFERENCA INDIVIDUAL L.12998;N;
82915;RT - RETRIB.POR TITULAO RSC;C;
82916;RT - RETRIB. POR TITULACO RSC;N;
82919;IQ - INCENT.A QUALIFICACAO 15%;N;
82920;IQ - INCENT.A QUALIFICACAO 20%;N;
82921;IQ - INCENT.A QUALIFICACAO 25%;C;
82922;IQ - INCENT.A QUALIFICACAO 30%;C;
82926;IQ - INCENT.A QUALIFICACAO 75%;N;
82932;AUXILIO ALIMENTACAO-DPU;N;
82939;IQ-INCENT QUALIFICAO 20% AP;N;
82941;IQ-INCENT QUALIFICAO 30% AP;N;
82944;IQ-INCENT QUALIFICAO 52% AP;N;
82945;IQ-INCENT  QUALIFICAO 75% AP;N;
82964;SUBSTITUICAO/INTER.GRAT.NATAL;N;
82967;EXERC.ANTERIOR S/INCID PSS AT;N;
82968;EXERC.ANTERIOR S/INCID PSS AP;N;
82976;GAEG - GRAT DE EXERCICIO;N;
82978;GSISTE - SIPEC;N;
82982;GSISTE - SISG;N;
82987;FCPE- FUNC.COMIS.PODER EXECUTI;N;
82991;GDTAF-GRAT.DES.AT.TEC.AUX.FISC;N;
82994;HONORRIOS ART 39 LEI 13327/16;N;
83001;GD PARC COMPLEMENT L.13324/16;N;
83008;BNUS DE EFICINCIA - AT;N;
83009;BNUS DE EFICINCIA - AP;N;
83010;BNUS DE EFICINCIA - PENSAO;N;
83012;ACERTO GRAT.NATALINA PENSAO;N;
83013;ACERTO GRAT.NATALINA AP;N;
83075;EXERC. ANTERIOR IND LOCAL ESTR;N;
97002;PENSAO ALIMENTICIA;N;
97006;PENSAO ALIMENTICIA 13/GRAT.NAT;N;
97010;PENSAO ALIMENT/ASS.PRE ESCOLAR;N;
97011;PENSAO ALIMENT.AD 13/GRAT.NATA;N;
97068;MS 983635-0 8VF/RJ 28,86;P;
97195;AO 9612555-4 1VF/RJ 28,86% AT;P;
97196;AO 9612555-4 1VF/RJ 28,86% AP;P;
97330;HONORARIOS ADVOCATICIOS;N;
97461;AO 975977-4 1VF/PE 28,86%/AT;P;
98001;PREVIDENCIA SOCIAL;N;
98002;CONT. PLANO SEGURIDADE SOCIAL;N;
98004;CONTR.PSS - GRATIF. NATALINA;N;
98006;PREV.SOC.(LEI 8647/93);N;
98007;PREV. SOC. (LEI 8647/93)13.SAL;N;
98011;DEVOLUCAO DE PREV.SOCIAL -CPMF;N;
98012;DEVOLUCAO PLANO SEG.SOC - CPMF;N;
98015;CONT P.SEGURIDADE SOCIAL APOS;N;
98018;PREVIDENCIA SOCIAL CDT PESSOAL;N;
98019;DIFERENCA PSS 2 FONTES;N;
98020;CONT.PLANO SEG.SOCIAL- PENSION;N;
98021;PSS EXERC. ANTERIORES;N;
98023;PSS-MESES ANTER./DIARIAS>50%;N;
98027;CONTR. PSS - FERIAS;N;
98030;DEV.PSS S/FUNCAO-PN/SRHMP02/04;N;
98031;DEV.PSS S/FUNCAO-PN/SRHMP02/04;N;
98033;CONTR.PSS-GRATIF. NATALINA -AP;N;
98034;CONTR.PSS-GRATIF.NATALINA-PENS;N;
98044;PSS-EXERC.ANTERIOR - RRA AT;N;
98502;DEVOLUCAO PSS - ATIVO;N;
98503;DEVOLUCAO PSS - APOSEN/PENSION;N;
99001;IMPOSTO DE RENDA RETIDO FONTE;N;
99002;CONTR. ASSISTENCIAL SINDICAL;N;
99003;IRRF - 13  SAL./GRAT.NATALINA;N;
99004;IRRF - FERIAS;N;
99005;IRRF/CDT - DESPESA PESSOAL;N;
99008;DEVIR;N;
99013;IRRF - EXERC.ANTERIOR - RRA;N;
99015;IMPOSTO DE RENDA APO/PENSIONIS;N;
99101;FGTS QUITACAO;N;
99103;FGTS S/ 13 - RESCISAO;N;
99997;TOTAL BRUTO;N;
99998;TOTAL DESCONTO;N;
99999;TOTAL LIQUIDO;N;
